name, ,cardiomegaly_accuracy,cardiomegaly_precision,cardiomegaly_recall,cardiomegaly_auroc,cardiomegaly_auc,cardiomegaly_confusion_matrix,edema_accuracy,edema_precision,edema_recall,edema_auroc,edema_auc,edema_confusion_matrix,consolidation_accuracy,consolidation_precision,consolidation_recall,consolidation_auroc,consolidation_auc,consolidation_confusion_matrix,atelectasis_accuracy,atelectasis_precision,atelectasis_recall,atelectasis_auroc,atelectasis_auc,atelectasis_confusion_matrix,pleural_effusion_accuracy,pleural_effusion_precision,pleural_effusion_recall,pleural_effusion_auroc,pleural_effusion_auc,pleural_effusion_confusion_matrix,multilabel_accuracy,multilabel_auprc,multilabel_precision_recall_curve
pa_no_pretraining,,0.688034176826477,0.45614033937454224,0.38235294818878174,0.6349220411055989,"tensor([0.3849], device='cuda:0')","tensor([[135.,  31.],
        [ 42.,  26.]])",0.2350427359342575,0.18981482088565826,0.9111111164093018,0.5508524397413286,"tensor([0.2114], device='cuda:0')","tensor([[ 14., 175.],
        [  4.,  41.]])",0.7820512652397156,0.2750000059604645,0.3333333432674408,0.696215890245741,"tensor([0.1804], device='cuda:0')","tensor([[172.,  29.],
        [ 22.,  11.]])",0.3504273593425751,0.3448275923728943,1.0,0.5892045454545455,"tensor([0.1333], device='cuda:0')","tensor([[  2., 152.],
        [  0.,  80.]])",0.7264957427978516,0.516853928565979,0.6865671873092651,0.7903297881848244,"tensor([0.3195], device='cuda:0')","tensor([[124.,  43.],
        [ 21.,  46.]])",0.021367521956562996,0.3917165994644165,"([tensor([0.2906, 0.2918, 0.2931, 0.2900, 0.2913, 0.2926, 0.2939, 0.2952, 0.2965,
        0.2978, 0.2991, 0.3004, 0.3018, 0.3032, 0.3045, 0.3014, 0.3028, 0.3041,
        0.3056, 0.3070, 0.3084, 0.3052, 0.3019, 0.2986, 0.3000, 0.3014, 0.3029,
        0.3043, 0.3058, 0.3073, 0.3088, 0.3103, 0.3119, 0.3085, 0.3100, 0.3116,
        0.3131, 0.3147, 0.3163, 0.3179, 0.3196, 0.3212, 0.3229, 0.3246, 0.3263,
        0.3280, 0.3298, 0.3316, 0.3280, 0.3243, 0.3261, 0.3224, 0.3242, 0.3260,
        0.3278, 0.3296, 0.3315, 0.3333, 0.3352, 0.3371, 0.3391, 0.3410, 0.3430,
        0.3450, 0.3412, 0.3373, 0.3393, 0.3413, 0.3373, 0.3333, 0.3293, 0.3313,
        0.3333, 0.3354, 0.3375, 0.3396, 0.3418, 0.3376, 0.3397, 0.3419, 0.3442,
        0.3464, 0.3487, 0.3510, 0.3533, 0.3490, 0.3514, 0.3537, 0.3493, 0.3448,
        0.3403, 0.3357, 0.3380, 0.3404, 0.3429, 0.3453, 0.3478, 0.3504, 0.3456,
        0.3481, 0.3507, 0.3459, 0.3485, 0.3511, 0.3538, 0.3488, 0.3438, 0.3465,
        0.3492, 0.3520, 0.3548, 0.3577, 0.3607, 0.3554, 0.3583, 0.3613, 0.3559,
        0.3590, 0.3534, 0.3565, 0.3596, 0.3628, 0.3661, 0.3694, 0.3636, 0.3578,
        0.3611, 0.3645, 0.3679, 0.3714, 0.3750, 0.3786, 0.3725, 0.3663, 0.3700,
        0.3737, 0.3776, 0.3711, 0.3646, 0.3579, 0.3617, 0.3656, 0.3696, 0.3626,
        0.3667, 0.3708, 0.3636, 0.3678, 0.3721, 0.3765, 0.3810, 0.3855, 0.3902,
        0.3951, 0.4000, 0.4051, 0.4103, 0.4156, 0.4211, 0.4267, 0.4324, 0.4384,
        0.4306, 0.4225, 0.4286, 0.4348, 0.4412, 0.4328, 0.4394, 0.4462, 0.4531,
        0.4603, 0.4677, 0.4590, 0.4667, 0.4746, 0.4655, 0.4561, 0.4464, 0.4545,
        0.4444, 0.4528, 0.4615, 0.4510, 0.4400, 0.4490, 0.4583, 0.4681, 0.4783,
        0.4889, 0.4773, 0.4651, 0.4762, 0.4878, 0.5000, 0.4872, 0.4737, 0.4595,
        0.4722, 0.4571, 0.4412, 0.4545, 0.4688, 0.4839, 0.5000, 0.4828, 0.4643,
        0.4815, 0.5000, 0.4800, 0.5000, 0.4783, 0.5000, 0.4762, 0.5000, 0.4737,
        0.5000, 0.5294, 0.5625, 0.6000, 0.5714, 0.5385, 0.5833, 0.6364, 0.7000,
        0.6667, 0.6250, 0.7143, 0.6667, 0.6000, 0.7500, 1.0000, 1.0000, 1.0000,
        1.0000]), tensor([0.1923, 0.1931, 0.1897, 0.1861, 0.1870, 0.1878, 0.1886, 0.1894, 0.1903,
        0.1911, 0.1875, 0.1839, 0.1847, 0.1855, 0.1864, 0.1872, 0.1881, 0.1889,
        0.1898, 0.1907, 0.1916, 0.1925, 0.1934, 0.1943, 0.1952, 0.1962, 0.1971,
        0.1981, 0.1990, 0.2000, 0.2010, 0.2020, 0.2030, 0.2040, 0.2000, 0.2010,
        0.2020, 0.2030, 0.1990, 0.2000, 0.2010, 0.2021, 0.2031, 0.2042, 0.2053,
        0.2063, 0.2074, 0.2086, 0.2097, 0.2054, 0.2065, 0.2077, 0.2088, 0.2099,
        0.2111, 0.2123, 0.2135, 0.2147, 0.2159, 0.2114, 0.2126, 0.2139, 0.2151,
        0.2164, 0.2176, 0.2189, 0.2143, 0.2096, 0.2108, 0.2121, 0.2134, 0.2147,
        0.2160, 0.2174, 0.2188, 0.2138, 0.2152, 0.2166, 0.2179, 0.2129, 0.2143,
        0.2157, 0.2171, 0.2119, 0.2133, 0.2081, 0.2095, 0.2109, 0.2123, 0.2138,
        0.2153, 0.2168, 0.2183, 0.2128, 0.2143, 0.2158, 0.2174, 0.2190, 0.2132,
        0.2148, 0.2090, 0.2105, 0.2121, 0.2137, 0.2077, 0.2093, 0.2109, 0.2047,
        0.2063, 0.2080, 0.2097, 0.2114, 0.2049, 0.2066, 0.2083, 0.2101, 0.2119,
        0.2137, 0.2069, 0.2087, 0.2105, 0.2124, 0.2143, 0.2072, 0.2091, 0.2110,
        0.2130, 0.2056, 0.2075, 0.2095, 0.2115, 0.2136, 0.2157, 0.2079, 0.2100,
        0.2121, 0.2143, 0.2165, 0.2083, 0.2105, 0.2128, 0.2151, 0.2174, 0.2198,
        0.2222, 0.2247, 0.2273, 0.2299, 0.2326, 0.2353, 0.2262, 0.2289, 0.2317,
        0.2346, 0.2250, 0.2152, 0.2179, 0.2208, 0.2237, 0.2267, 0.2297, 0.2329,
        0.2222, 0.2254, 0.2286, 0.2319, 0.2206, 0.2239, 0.2273, 0.2154, 0.2188,
        0.2222, 0.2258, 0.2295, 0.2333, 0.2373, 0.2414, 0.2456, 0.2500, 0.2545,
        0.2593, 0.2453, 0.2500, 0.2549, 0.2400, 0.2449, 0.2500, 0.2553, 0.2609,
        0.2667, 0.2727, 0.2558, 0.2619, 0.2683, 0.2500, 0.2308, 0.2368, 0.2432,
        0.2222, 0.2286, 0.2353, 0.2121, 0.2188, 0.2258, 0.2333, 0.2069, 0.1786,
        0.1481, 0.1538, 0.1200, 0.1250, 0.1304, 0.1364, 0.1429, 0.1500, 0.1579,
        0.1667, 0.1765, 0.1875, 0.1333, 0.1429, 0.1538, 0.1667, 0.1818, 0.2000,
        0.2222, 0.2500, 0.2857, 0.3333, 0.2000, 0.2500, 0.0000, 0.0000, 0.0000,
        1.0000]), tensor([0.1410, 0.1416, 0.1422, 0.1429, 0.1435, 0.1441, 0.1447, 0.1454, 0.1460,
        0.1467, 0.1473, 0.1480, 0.1486, 0.1493, 0.1500, 0.1507, 0.1514, 0.1475,
        0.1481, 0.1488, 0.1495, 0.1502, 0.1509, 0.1517, 0.1524, 0.1531, 0.1538,
        0.1546, 0.1553, 0.1561, 0.1569, 0.1576, 0.1535, 0.1542, 0.1550, 0.1558,
        0.1566, 0.1574, 0.1582, 0.1590, 0.1598, 0.1606, 0.1615, 0.1623, 0.1579,
        0.1587, 0.1596, 0.1604, 0.1559, 0.1568, 0.1576, 0.1585, 0.1593, 0.1602,
        0.1611, 0.1620, 0.1629, 0.1638, 0.1648, 0.1657, 0.1667, 0.1676, 0.1686,
        0.1696, 0.1706, 0.1716, 0.1726, 0.1677, 0.1687, 0.1697, 0.1707, 0.1718,
        0.1728, 0.1739, 0.1750, 0.1761, 0.1772, 0.1783, 0.1795, 0.1806, 0.1818,
        0.1765, 0.1776, 0.1788, 0.1800, 0.1812, 0.1757, 0.1769, 0.1781, 0.1793,
        0.1806, 0.1818, 0.1831, 0.1844, 0.1857, 0.1871, 0.1884, 0.1898, 0.1912,
        0.1926, 0.1940, 0.1955, 0.1970, 0.1985, 0.2000, 0.2016, 0.2031, 0.2047,
        0.2063, 0.2080, 0.2097, 0.2114, 0.2131, 0.2149, 0.2167, 0.2185, 0.2119,
        0.2137, 0.2155, 0.2174, 0.2193, 0.2212, 0.2232, 0.2252, 0.2273, 0.2294,
        0.2315, 0.2336, 0.2358, 0.2286, 0.2212, 0.2233, 0.2255, 0.2277, 0.2300,
        0.2323, 0.2347, 0.2371, 0.2396, 0.2421, 0.2447, 0.2473, 0.2500, 0.2418,
        0.2444, 0.2360, 0.2386, 0.2414, 0.2442, 0.2471, 0.2381, 0.2289, 0.2317,
        0.2346, 0.2375, 0.2405, 0.2436, 0.2468, 0.2368, 0.2400, 0.2432, 0.2466,
        0.2500, 0.2535, 0.2571, 0.2609, 0.2647, 0.2537, 0.2576, 0.2615, 0.2656,
        0.2540, 0.2581, 0.2623, 0.2667, 0.2712, 0.2759, 0.2807, 0.2857, 0.2727,
        0.2778, 0.2642, 0.2692, 0.2745, 0.2800, 0.2857, 0.2917, 0.2766, 0.2826,
        0.2889, 0.2727, 0.2791, 0.2857, 0.2927, 0.2750, 0.2821, 0.2895, 0.2973,
        0.3056, 0.3143, 0.3235, 0.3333, 0.3438, 0.3548, 0.3333, 0.3448, 0.3571,
        0.3704, 0.3846, 0.4000, 0.3750, 0.3913, 0.3636, 0.3810, 0.4000, 0.3684,
        0.3889, 0.4118, 0.4375, 0.4667, 0.4286, 0.3846, 0.4167, 0.3636, 0.3000,
        0.2222, 0.1250, 0.1429, 0.1667, 0.2000, 0.2500, 0.3333, 0.5000, 0.0000,
        1.0000]), tensor([0.3419, 0.3433, 0.3448, 0.3463, 0.3478, 0.3493, 0.3465, 0.3480, 0.3496,
        0.3467, 0.3482, 0.3453, 0.3468, 0.3484, 0.3500, 0.3516, 0.3532, 0.3548,
        0.3565, 0.3581, 0.3551, 0.3568, 0.3585, 0.3602, 0.3571, 0.3589, 0.3606,
        0.3575, 0.3592, 0.3610, 0.3627, 0.3645, 0.3614, 0.3632, 0.3650, 0.3668,
        0.3687, 0.3706, 0.3673, 0.3692, 0.3711, 0.3731, 0.3750, 0.3770, 0.3789,
        0.3757, 0.3777, 0.3743, 0.3763, 0.3784, 0.3804, 0.3825, 0.3846, 0.3867,
        0.3889, 0.3911, 0.3933, 0.3955, 0.3977, 0.3943, 0.3908, 0.3931, 0.3953,
        0.3977, 0.4000, 0.4024, 0.4048, 0.4072, 0.4096, 0.4061, 0.4085, 0.4110,
        0.4074, 0.4099, 0.4062, 0.4088, 0.4051, 0.4076, 0.4103, 0.4129, 0.4091,
        0.4118, 0.4079, 0.4106, 0.4067, 0.4094, 0.4054, 0.4082, 0.4041, 0.4000,
        0.4028, 0.4056, 0.4014, 0.3972, 0.3929, 0.3957, 0.3913, 0.3942, 0.3897,
        0.3852, 0.3881, 0.3910, 0.3939, 0.3893, 0.3923, 0.3953, 0.3906, 0.3937,
        0.3889, 0.3840, 0.3790, 0.3740, 0.3770, 0.3802, 0.3833, 0.3866, 0.3898,
        0.3932, 0.3966, 0.3913, 0.3860, 0.3805, 0.3750, 0.3784, 0.3818, 0.3853,
        0.3796, 0.3738, 0.3774, 0.3714, 0.3750, 0.3786, 0.3725, 0.3663, 0.3700,
        0.3737, 0.3673, 0.3711, 0.3750, 0.3789, 0.3830, 0.3871, 0.3913, 0.3956,
        0.4000, 0.4045, 0.4091, 0.4138, 0.4070, 0.4118, 0.4167, 0.4217, 0.4146,
        0.4074, 0.4000, 0.4051, 0.3974, 0.4026, 0.4079, 0.4000, 0.3919, 0.3973,
        0.3889, 0.3803, 0.3714, 0.3768, 0.3824, 0.3731, 0.3788, 0.3846, 0.3906,
        0.3968, 0.4032, 0.4098, 0.4167, 0.4237, 0.4138, 0.4035, 0.4107, 0.4182,
        0.4259, 0.4151, 0.4231, 0.4118, 0.4000, 0.4082, 0.4167, 0.4043, 0.3913,
        0.3778, 0.3864, 0.3721, 0.3571, 0.3415, 0.3500, 0.3590, 0.3684, 0.3784,
        0.3611, 0.3714, 0.3824, 0.3939, 0.4062, 0.4194, 0.4333, 0.4483, 0.4643,
        0.4444, 0.4231, 0.4000, 0.4167, 0.4348, 0.4545, 0.4762, 0.4500, 0.4211,
        0.4444, 0.4706, 0.5000, 0.5333, 0.5000, 0.5385, 0.5833, 0.5455, 0.5000,
        0.4444, 0.5000, 0.4286, 0.3333, 0.2000, 0.2500, 0.0000, 0.0000, 0.0000,
        1.0000]), tensor([0.2863, 0.2876, 0.2888, 0.2900, 0.2913, 0.2926, 0.2939, 0.2952, 0.2965,
        0.2978, 0.2991, 0.3004, 0.3018, 0.3032, 0.3045, 0.3059, 0.3073, 0.3088,
        0.3102, 0.3116, 0.3131, 0.3146, 0.3160, 0.3175, 0.3190, 0.3206, 0.3221,
        0.3237, 0.3252, 0.3268, 0.3284, 0.3300, 0.3317, 0.3333, 0.3350, 0.3367,
        0.3384, 0.3401, 0.3418, 0.3436, 0.3454, 0.3472, 0.3438, 0.3455, 0.3421,
        0.3439, 0.3457, 0.3476, 0.3495, 0.3514, 0.3533, 0.3552, 0.3571, 0.3591,
        0.3611, 0.3631, 0.3652, 0.3672, 0.3693, 0.3714, 0.3736, 0.3699, 0.3721,
        0.3684, 0.3706, 0.3728, 0.3750, 0.3772, 0.3795, 0.3818, 0.3841, 0.3865,
        0.3889, 0.3913, 0.3938, 0.3899, 0.3861, 0.3822, 0.3846, 0.3871, 0.3896,
        0.3922, 0.3947, 0.3974, 0.4000, 0.4027, 0.4054, 0.4082, 0.4110, 0.4138,
        0.4167, 0.4126, 0.4155, 0.4184, 0.4214, 0.4245, 0.4275, 0.4307, 0.4338,
        0.4370, 0.4403, 0.4436, 0.4470, 0.4427, 0.4462, 0.4496, 0.4453, 0.4488,
        0.4444, 0.4480, 0.4516, 0.4472, 0.4508, 0.4545, 0.4583, 0.4622, 0.4661,
        0.4701, 0.4741, 0.4783, 0.4825, 0.4867, 0.4911, 0.4865, 0.4909, 0.4954,
        0.5000, 0.5047, 0.5094, 0.5143, 0.5096, 0.5146, 0.5196, 0.5248, 0.5200,
        0.5152, 0.5102, 0.5155, 0.5104, 0.5158, 0.5213, 0.5161, 0.5109, 0.5055,
        0.5111, 0.5169, 0.5227, 0.5172, 0.5116, 0.5059, 0.5000, 0.4940, 0.5000,
        0.5062, 0.5000, 0.5063, 0.5128, 0.5065, 0.5132, 0.5067, 0.5000, 0.4932,
        0.4861, 0.4930, 0.5000, 0.4928, 0.5000, 0.5075, 0.5152, 0.5231, 0.5312,
        0.5397, 0.5484, 0.5410, 0.5500, 0.5593, 0.5690, 0.5614, 0.5536, 0.5636,
        0.5556, 0.5472, 0.5577, 0.5686, 0.5800, 0.5918, 0.6042, 0.6170, 0.6304,
        0.6222, 0.6364, 0.6279, 0.6190, 0.6098, 0.6000, 0.6154, 0.6316, 0.6216,
        0.6111, 0.6286, 0.6471, 0.6667, 0.6562, 0.6452, 0.6667, 0.6897, 0.7143,
        0.7037, 0.6923, 0.7200, 0.7083, 0.6957, 0.7273, 0.7143, 0.7500, 0.7368,
        0.7778, 0.8235, 0.8750, 0.8667, 0.8571, 0.8462, 0.8333, 0.8182, 0.8000,
        0.7778, 0.7500, 0.7143, 0.8333, 1.0000, 1.0000, 1.0000, 1.0000, 1.0000,
        1.0000])], [tensor([1.0000, 1.0000, 1.0000, 0.9853, 0.9853, 0.9853, 0.9853, 0.9853, 0.9853,
        0.9853, 0.9853, 0.9853, 0.9853, 0.9853, 0.9853, 0.9706, 0.9706, 0.9706,
        0.9706, 0.9706, 0.9706, 0.9559, 0.9412, 0.9265, 0.9265, 0.9265, 0.9265,
        0.9265, 0.9265, 0.9265, 0.9265, 0.9265, 0.9265, 0.9118, 0.9118, 0.9118,
        0.9118, 0.9118, 0.9118, 0.9118, 0.9118, 0.9118, 0.9118, 0.9118, 0.9118,
        0.9118, 0.9118, 0.9118, 0.8971, 0.8824, 0.8824, 0.8676, 0.8676, 0.8676,
        0.8676, 0.8676, 0.8676, 0.8676, 0.8676, 0.8676, 0.8676, 0.8676, 0.8676,
        0.8676, 0.8529, 0.8382, 0.8382, 0.8382, 0.8235, 0.8088, 0.7941, 0.7941,
        0.7941, 0.7941, 0.7941, 0.7941, 0.7941, 0.7794, 0.7794, 0.7794, 0.7794,
        0.7794, 0.7794, 0.7794, 0.7794, 0.7647, 0.7647, 0.7647, 0.7500, 0.7353,
        0.7206, 0.7059, 0.7059, 0.7059, 0.7059, 0.7059, 0.7059, 0.7059, 0.6912,
        0.6912, 0.6912, 0.6765, 0.6765, 0.6765, 0.6765, 0.6618, 0.6471, 0.6471,
        0.6471, 0.6471, 0.6471, 0.6471, 0.6471, 0.6324, 0.6324, 0.6324, 0.6176,
        0.6176, 0.6029, 0.6029, 0.6029, 0.6029, 0.6029, 0.6029, 0.5882, 0.5735,
        0.5735, 0.5735, 0.5735, 0.5735, 0.5735, 0.5735, 0.5588, 0.5441, 0.5441,
        0.5441, 0.5441, 0.5294, 0.5147, 0.5000, 0.5000, 0.5000, 0.5000, 0.4853,
        0.4853, 0.4853, 0.4706, 0.4706, 0.4706, 0.4706, 0.4706, 0.4706, 0.4706,
        0.4706, 0.4706, 0.4706, 0.4706, 0.4706, 0.4706, 0.4706, 0.4706, 0.4706,
        0.4559, 0.4412, 0.4412, 0.4412, 0.4412, 0.4265, 0.4265, 0.4265, 0.4265,
        0.4265, 0.4265, 0.4118, 0.4118, 0.4118, 0.3971, 0.3824, 0.3676, 0.3676,
        0.3529, 0.3529, 0.3529, 0.3382, 0.3235, 0.3235, 0.3235, 0.3235, 0.3235,
        0.3235, 0.3088, 0.2941, 0.2941, 0.2941, 0.2941, 0.2794, 0.2647, 0.2500,
        0.2500, 0.2353, 0.2206, 0.2206, 0.2206, 0.2206, 0.2206, 0.2059, 0.1912,
        0.1912, 0.1912, 0.1765, 0.1765, 0.1618, 0.1618, 0.1471, 0.1471, 0.1324,
        0.1324, 0.1324, 0.1324, 0.1324, 0.1176, 0.1029, 0.1029, 0.1029, 0.1029,
        0.0882, 0.0735, 0.0735, 0.0588, 0.0441, 0.0441, 0.0441, 0.0294, 0.0147,
        0.0000]), tensor([1.0000, 1.0000, 0.9778, 0.9556, 0.9556, 0.9556, 0.9556, 0.9556, 0.9556,
        0.9556, 0.9333, 0.9111, 0.9111, 0.9111, 0.9111, 0.9111, 0.9111, 0.9111,
        0.9111, 0.9111, 0.9111, 0.9111, 0.9111, 0.9111, 0.9111, 0.9111, 0.9111,
        0.9111, 0.9111, 0.9111, 0.9111, 0.9111, 0.9111, 0.9111, 0.8889, 0.8889,
        0.8889, 0.8889, 0.8667, 0.8667, 0.8667, 0.8667, 0.8667, 0.8667, 0.8667,
        0.8667, 0.8667, 0.8667, 0.8667, 0.8444, 0.8444, 0.8444, 0.8444, 0.8444,
        0.8444, 0.8444, 0.8444, 0.8444, 0.8444, 0.8222, 0.8222, 0.8222, 0.8222,
        0.8222, 0.8222, 0.8222, 0.8000, 0.7778, 0.7778, 0.7778, 0.7778, 0.7778,
        0.7778, 0.7778, 0.7778, 0.7556, 0.7556, 0.7556, 0.7556, 0.7333, 0.7333,
        0.7333, 0.7333, 0.7111, 0.7111, 0.6889, 0.6889, 0.6889, 0.6889, 0.6889,
        0.6889, 0.6889, 0.6889, 0.6667, 0.6667, 0.6667, 0.6667, 0.6667, 0.6444,
        0.6444, 0.6222, 0.6222, 0.6222, 0.6222, 0.6000, 0.6000, 0.6000, 0.5778,
        0.5778, 0.5778, 0.5778, 0.5778, 0.5556, 0.5556, 0.5556, 0.5556, 0.5556,
        0.5556, 0.5333, 0.5333, 0.5333, 0.5333, 0.5333, 0.5111, 0.5111, 0.5111,
        0.5111, 0.4889, 0.4889, 0.4889, 0.4889, 0.4889, 0.4889, 0.4667, 0.4667,
        0.4667, 0.4667, 0.4667, 0.4444, 0.4444, 0.4444, 0.4444, 0.4444, 0.4444,
        0.4444, 0.4444, 0.4444, 0.4444, 0.4444, 0.4444, 0.4222, 0.4222, 0.4222,
        0.4222, 0.4000, 0.3778, 0.3778, 0.3778, 0.3778, 0.3778, 0.3778, 0.3778,
        0.3556, 0.3556, 0.3556, 0.3556, 0.3333, 0.3333, 0.3333, 0.3111, 0.3111,
        0.3111, 0.3111, 0.3111, 0.3111, 0.3111, 0.3111, 0.3111, 0.3111, 0.3111,
        0.3111, 0.2889, 0.2889, 0.2889, 0.2667, 0.2667, 0.2667, 0.2667, 0.2667,
        0.2667, 0.2667, 0.2444, 0.2444, 0.2444, 0.2222, 0.2000, 0.2000, 0.2000,
        0.1778, 0.1778, 0.1778, 0.1556, 0.1556, 0.1556, 0.1556, 0.1333, 0.1111,
        0.0889, 0.0889, 0.0667, 0.0667, 0.0667, 0.0667, 0.0667, 0.0667, 0.0667,
        0.0667, 0.0667, 0.0667, 0.0444, 0.0444, 0.0444, 0.0444, 0.0444, 0.0444,
        0.0444, 0.0444, 0.0444, 0.0444, 0.0222, 0.0222, 0.0000, 0.0000, 0.0000,
        0.0000]), tensor([1.0000, 1.0000, 1.0000, 1.0000, 1.0000, 1.0000, 1.0000, 1.0000, 1.0000,
        1.0000, 1.0000, 1.0000, 1.0000, 1.0000, 1.0000, 1.0000, 1.0000, 0.9697,
        0.9697, 0.9697, 0.9697, 0.9697, 0.9697, 0.9697, 0.9697, 0.9697, 0.9697,
        0.9697, 0.9697, 0.9697, 0.9697, 0.9697, 0.9394, 0.9394, 0.9394, 0.9394,
        0.9394, 0.9394, 0.9394, 0.9394, 0.9394, 0.9394, 0.9394, 0.9394, 0.9091,
        0.9091, 0.9091, 0.9091, 0.8788, 0.8788, 0.8788, 0.8788, 0.8788, 0.8788,
        0.8788, 0.8788, 0.8788, 0.8788, 0.8788, 0.8788, 0.8788, 0.8788, 0.8788,
        0.8788, 0.8788, 0.8788, 0.8788, 0.8485, 0.8485, 0.8485, 0.8485, 0.8485,
        0.8485, 0.8485, 0.8485, 0.8485, 0.8485, 0.8485, 0.8485, 0.8485, 0.8485,
        0.8182, 0.8182, 0.8182, 0.8182, 0.8182, 0.7879, 0.7879, 0.7879, 0.7879,
        0.7879, 0.7879, 0.7879, 0.7879, 0.7879, 0.7879, 0.7879, 0.7879, 0.7879,
        0.7879, 0.7879, 0.7879, 0.7879, 0.7879, 0.7879, 0.7879, 0.7879, 0.7879,
        0.7879, 0.7879, 0.7879, 0.7879, 0.7879, 0.7879, 0.7879, 0.7879, 0.7576,
        0.7576, 0.7576, 0.7576, 0.7576, 0.7576, 0.7576, 0.7576, 0.7576, 0.7576,
        0.7576, 0.7576, 0.7576, 0.7273, 0.6970, 0.6970, 0.6970, 0.6970, 0.6970,
        0.6970, 0.6970, 0.6970, 0.6970, 0.6970, 0.6970, 0.6970, 0.6970, 0.6667,
        0.6667, 0.6364, 0.6364, 0.6364, 0.6364, 0.6364, 0.6061, 0.5758, 0.5758,
        0.5758, 0.5758, 0.5758, 0.5758, 0.5758, 0.5455, 0.5455, 0.5455, 0.5455,
        0.5455, 0.5455, 0.5455, 0.5455, 0.5455, 0.5152, 0.5152, 0.5152, 0.5152,
        0.4848, 0.4848, 0.4848, 0.4848, 0.4848, 0.4848, 0.4848, 0.4848, 0.4545,
        0.4545, 0.4242, 0.4242, 0.4242, 0.4242, 0.4242, 0.4242, 0.3939, 0.3939,
        0.3939, 0.3636, 0.3636, 0.3636, 0.3636, 0.3333, 0.3333, 0.3333, 0.3333,
        0.3333, 0.3333, 0.3333, 0.3333, 0.3333, 0.3333, 0.3030, 0.3030, 0.3030,
        0.3030, 0.3030, 0.3030, 0.2727, 0.2727, 0.2424, 0.2424, 0.2424, 0.2121,
        0.2121, 0.2121, 0.2121, 0.2121, 0.1818, 0.1515, 0.1515, 0.1212, 0.0909,
        0.0606, 0.0303, 0.0303, 0.0303, 0.0303, 0.0303, 0.0303, 0.0303, 0.0000,
        0.0000]), tensor([1.0000, 1.0000, 1.0000, 1.0000, 1.0000, 1.0000, 0.9875, 0.9875, 0.9875,
        0.9750, 0.9750, 0.9625, 0.9625, 0.9625, 0.9625, 0.9625, 0.9625, 0.9625,
        0.9625, 0.9625, 0.9500, 0.9500, 0.9500, 0.9500, 0.9375, 0.9375, 0.9375,
        0.9250, 0.9250, 0.9250, 0.9250, 0.9250, 0.9125, 0.9125, 0.9125, 0.9125,
        0.9125, 0.9125, 0.9000, 0.9000, 0.9000, 0.9000, 0.9000, 0.9000, 0.9000,
        0.8875, 0.8875, 0.8750, 0.8750, 0.8750, 0.8750, 0.8750, 0.8750, 0.8750,
        0.8750, 0.8750, 0.8750, 0.8750, 0.8750, 0.8625, 0.8500, 0.8500, 0.8500,
        0.8500, 0.8500, 0.8500, 0.8500, 0.8500, 0.8500, 0.8375, 0.8375, 0.8375,
        0.8250, 0.8250, 0.8125, 0.8125, 0.8000, 0.8000, 0.8000, 0.8000, 0.7875,
        0.7875, 0.7750, 0.7750, 0.7625, 0.7625, 0.7500, 0.7500, 0.7375, 0.7250,
        0.7250, 0.7250, 0.7125, 0.7000, 0.6875, 0.6875, 0.6750, 0.6750, 0.6625,
        0.6500, 0.6500, 0.6500, 0.6500, 0.6375, 0.6375, 0.6375, 0.6250, 0.6250,
        0.6125, 0.6000, 0.5875, 0.5750, 0.5750, 0.5750, 0.5750, 0.5750, 0.5750,
        0.5750, 0.5750, 0.5625, 0.5500, 0.5375, 0.5250, 0.5250, 0.5250, 0.5250,
        0.5125, 0.5000, 0.5000, 0.4875, 0.4875, 0.4875, 0.4750, 0.4625, 0.4625,
        0.4625, 0.4500, 0.4500, 0.4500, 0.4500, 0.4500, 0.4500, 0.4500, 0.4500,
        0.4500, 0.4500, 0.4500, 0.4500, 0.4375, 0.4375, 0.4375, 0.4375, 0.4250,
        0.4125, 0.4000, 0.4000, 0.3875, 0.3875, 0.3875, 0.3750, 0.3625, 0.3625,
        0.3500, 0.3375, 0.3250, 0.3250, 0.3250, 0.3125, 0.3125, 0.3125, 0.3125,
        0.3125, 0.3125, 0.3125, 0.3125, 0.3125, 0.3000, 0.2875, 0.2875, 0.2875,
        0.2875, 0.2750, 0.2750, 0.2625, 0.2500, 0.2500, 0.2500, 0.2375, 0.2250,
        0.2125, 0.2125, 0.2000, 0.1875, 0.1750, 0.1750, 0.1750, 0.1750, 0.1750,
        0.1625, 0.1625, 0.1625, 0.1625, 0.1625, 0.1625, 0.1625, 0.1625, 0.1625,
        0.1500, 0.1375, 0.1250, 0.1250, 0.1250, 0.1250, 0.1250, 0.1125, 0.1000,
        0.1000, 0.1000, 0.1000, 0.1000, 0.0875, 0.0875, 0.0875, 0.0750, 0.0625,
        0.0500, 0.0500, 0.0375, 0.0250, 0.0125, 0.0125, 0.0000, 0.0000, 0.0000,
        0.0000]), tensor([1.0000, 1.0000, 1.0000, 1.0000, 1.0000, 1.0000, 1.0000, 1.0000, 1.0000,
        1.0000, 1.0000, 1.0000, 1.0000, 1.0000, 1.0000, 1.0000, 1.0000, 1.0000,
        1.0000, 1.0000, 1.0000, 1.0000, 1.0000, 1.0000, 1.0000, 1.0000, 1.0000,
        1.0000, 1.0000, 1.0000, 1.0000, 1.0000, 1.0000, 1.0000, 1.0000, 1.0000,
        1.0000, 1.0000, 1.0000, 1.0000, 1.0000, 1.0000, 0.9851, 0.9851, 0.9701,
        0.9701, 0.9701, 0.9701, 0.9701, 0.9701, 0.9701, 0.9701, 0.9701, 0.9701,
        0.9701, 0.9701, 0.9701, 0.9701, 0.9701, 0.9701, 0.9701, 0.9552, 0.9552,
        0.9403, 0.9403, 0.9403, 0.9403, 0.9403, 0.9403, 0.9403, 0.9403, 0.9403,
        0.9403, 0.9403, 0.9403, 0.9254, 0.9104, 0.8955, 0.8955, 0.8955, 0.8955,
        0.8955, 0.8955, 0.8955, 0.8955, 0.8955, 0.8955, 0.8955, 0.8955, 0.8955,
        0.8955, 0.8806, 0.8806, 0.8806, 0.8806, 0.8806, 0.8806, 0.8806, 0.8806,
        0.8806, 0.8806, 0.8806, 0.8806, 0.8657, 0.8657, 0.8657, 0.8507, 0.8507,
        0.8358, 0.8358, 0.8358, 0.8209, 0.8209, 0.8209, 0.8209, 0.8209, 0.8209,
        0.8209, 0.8209, 0.8209, 0.8209, 0.8209, 0.8209, 0.8060, 0.8060, 0.8060,
        0.8060, 0.8060, 0.8060, 0.8060, 0.7910, 0.7910, 0.7910, 0.7910, 0.7761,
        0.7612, 0.7463, 0.7463, 0.7313, 0.7313, 0.7313, 0.7164, 0.7015, 0.6866,
        0.6866, 0.6866, 0.6866, 0.6716, 0.6567, 0.6418, 0.6269, 0.6119, 0.6119,
        0.6119, 0.5970, 0.5970, 0.5970, 0.5821, 0.5821, 0.5672, 0.5522, 0.5373,
        0.5224, 0.5224, 0.5224, 0.5075, 0.5075, 0.5075, 0.5075, 0.5075, 0.5075,
        0.5075, 0.5075, 0.4925, 0.4925, 0.4925, 0.4925, 0.4776, 0.4627, 0.4627,
        0.4478, 0.4328, 0.4328, 0.4328, 0.4328, 0.4328, 0.4328, 0.4328, 0.4328,
        0.4179, 0.4179, 0.4030, 0.3881, 0.3731, 0.3582, 0.3582, 0.3582, 0.3433,
        0.3284, 0.3284, 0.3284, 0.3284, 0.3134, 0.2985, 0.2985, 0.2985, 0.2985,
        0.2836, 0.2687, 0.2687, 0.2537, 0.2388, 0.2388, 0.2239, 0.2239, 0.2090,
        0.2090, 0.2090, 0.2090, 0.1940, 0.1791, 0.1642, 0.1493, 0.1343, 0.1194,
        0.1045, 0.0896, 0.0746, 0.0746, 0.0746, 0.0597, 0.0448, 0.0299, 0.0149,
        0.0000])], [tensor([0.0325, 0.0383, 0.0397, 0.0444, 0.0462, 0.0537, 0.0542, 0.0613, 0.0632,
        0.0639, 0.0667, 0.0689, 0.0736, 0.0763, 0.0776, 0.0807, 0.0841, 0.0851,
        0.0865, 0.0870, 0.0874, 0.0916, 0.0917, 0.0917, 0.0918, 0.0949, 0.0975,
        0.0985, 0.0989, 0.1047, 0.1072, 0.1087, 0.1099, 0.1109, 0.1124, 0.1152,
        0.1191, 0.1201, 0.1245, 0.1256, 0.1273, 0.1281, 0.1325, 0.1335, 0.1346,
        0.1346, 0.1348, 0.1350, 0.1393, 0.1397, 0.1405, 0.1410, 0.1425, 0.1436,
        0.1505, 0.1559, 0.1561, 0.1565, 0.1590, 0.1608, 0.1614, 0.1633, 0.1648,
        0.1661, 0.1678, 0.1692, 0.1702, 0.1727, 0.1753, 0.1773, 0.1786, 0.1788,
        0.1797, 0.1798, 0.1836, 0.1851, 0.1864, 0.1874, 0.1885, 0.1972, 0.2003,
        0.2006, 0.2006, 0.2013, 0.2023, 0.2027, 0.2034, 0.2039, 0.2046, 0.2059,
        0.2080, 0.2113, 0.2173, 0.2175, 0.2180, 0.2201, 0.2207, 0.2243, 0.2291,
        0.2320, 0.2321, 0.2336, 0.2354, 0.2426, 0.2444, 0.2447, 0.2458, 0.2482,
        0.2539, 0.2570, 0.2596, 0.2603, 0.2618, 0.2657, 0.2686, 0.2867, 0.2898,
        0.2914, 0.2958, 0.2960, 0.3014, 0.3016, 0.3054, 0.3070, 0.3148, 0.3202,
        0.3241, 0.3273, 0.3337, 0.3340, 0.3380, 0.3384, 0.3392, 0.3394, 0.3397,
        0.3404, 0.3425, 0.3471, 0.3519, 0.3545, 0.3551, 0.3556, 0.3573, 0.3577,
        0.3595, 0.3729, 0.3737, 0.3776, 0.3803, 0.3823, 0.3869, 0.3914, 0.4050,
        0.4069, 0.4086, 0.4092, 0.4154, 0.4169, 0.4245, 0.4282, 0.4303, 0.4333,
        0.4368, 0.4469, 0.4496, 0.4515, 0.4568, 0.4670, 0.4704, 0.4725, 0.4731,
        0.4753, 0.4758, 0.4813, 0.4814, 0.4933, 0.4968, 0.5056, 0.5076, 0.5090,
        0.5105, 0.5126, 0.5185, 0.5198, 0.5226, 0.5231, 0.5260, 0.5319, 0.5354,
        0.5390, 0.5488, 0.5508, 0.5511, 0.5513, 0.5535, 0.5572, 0.5647, 0.5674,
        0.5758, 0.5813, 0.5868, 0.5913, 0.5918, 0.5935, 0.5942, 0.5945, 0.5960,
        0.5984, 0.6185, 0.6205, 0.6380, 0.6522, 0.6542, 0.6552, 0.6595, 0.6704,
        0.6768, 0.6847, 0.6860, 0.6937, 0.6964, 0.7038, 0.7044, 0.7093, 0.7159,
        0.7432, 0.7461, 0.7470, 0.7907, 0.8036, 0.8053, 0.8189, 0.8371, 0.8919]), tensor([0.1694, 0.2543, 0.3195, 0.3498, 0.3616, 0.4059, 0.4232, 0.4267, 0.4315,
        0.4381, 0.4401, 0.4455, 0.4566, 0.4596, 0.4777, 0.4833, 0.4915, 0.4931,
        0.5006, 0.5058, 0.5128, 0.5147, 0.5195, 0.5267, 0.5303, 0.5325, 0.5447,
        0.5472, 0.5493, 0.5495, 0.5504, 0.5527, 0.5548, 0.5585, 0.5587, 0.5713,
        0.5745, 0.5761, 0.5785, 0.5833, 0.5852, 0.5867, 0.5870, 0.5905, 0.5972,
        0.6058, 0.6084, 0.6159, 0.6180, 0.6188, 0.6219, 0.6233, 0.6271, 0.6276,
        0.6312, 0.6388, 0.6393, 0.6396, 0.6429, 0.6446, 0.6461, 0.6537, 0.6572,
        0.6603, 0.6626, 0.6661, 0.6725, 0.6778, 0.6852, 0.6880, 0.6899, 0.6905,
        0.6952, 0.6954, 0.6957, 0.7058, 0.7082, 0.7117, 0.7118, 0.7121, 0.7123,
        0.7154, 0.7186, 0.7193, 0.7203, 0.7216, 0.7242, 0.7250, 0.7282, 0.7290,
        0.7292, 0.7296, 0.7334, 0.7343, 0.7345, 0.7356, 0.7359, 0.7368, 0.7375,
        0.7376, 0.7379, 0.7384, 0.7387, 0.7420, 0.7445, 0.7506, 0.7513, 0.7531,
        0.7538, 0.7562, 0.7580, 0.7583, 0.7587, 0.7593, 0.7597, 0.7602, 0.7607,
        0.7613, 0.7625, 0.7625, 0.7677, 0.7680, 0.7706, 0.7717, 0.7762, 0.7763,
        0.7770, 0.7783, 0.7789, 0.7811, 0.7836, 0.7877, 0.7878, 0.7886, 0.7900,
        0.7958, 0.7962, 0.7968, 0.7986, 0.8009, 0.8031, 0.8044, 0.8052, 0.8055,
        0.8056, 0.8057, 0.8061, 0.8067, 0.8076, 0.8107, 0.8108, 0.8110, 0.8110,
        0.8116, 0.8126, 0.8130, 0.8131, 0.8139, 0.8153, 0.8179, 0.8193, 0.8202,
        0.8210, 0.8228, 0.8262, 0.8301, 0.8320, 0.8356, 0.8365, 0.8374, 0.8381,
        0.8391, 0.8392, 0.8400, 0.8418, 0.8448, 0.8451, 0.8458, 0.8472, 0.8481,
        0.8493, 0.8554, 0.8595, 0.8631, 0.8643, 0.8651, 0.8651, 0.8654, 0.8659,
        0.8685, 0.8720, 0.8737, 0.8738, 0.8748, 0.8752, 0.8776, 0.8779, 0.8820,
        0.8827, 0.8872, 0.8899, 0.8918, 0.8927, 0.8938, 0.8948, 0.8956, 0.8959,
        0.8976, 0.9028, 0.9029, 0.9053, 0.9061, 0.9085, 0.9143, 0.9166, 0.9178,
        0.9178, 0.9196, 0.9202, 0.9203, 0.9213, 0.9234, 0.9255, 0.9299, 0.9319,
        0.9346, 0.9359, 0.9418, 0.9437, 0.9460, 0.9520, 0.9650, 0.9660, 0.9709]), tensor([0.0356, 0.0395, 0.0402, 0.0407, 0.0546, 0.0578, 0.0587, 0.0591, 0.0670,
        0.0671, 0.0693, 0.0718, 0.0756, 0.0772, 0.0783, 0.0803, 0.0806, 0.0807,
        0.0831, 0.0841, 0.0883, 0.0891, 0.0939, 0.0981, 0.0995, 0.0996, 0.0997,
        0.0997, 0.1004, 0.1009, 0.1073, 0.1113, 0.1131, 0.1149, 0.1198, 0.1209,
        0.1215, 0.1237, 0.1238, 0.1251, 0.1257, 0.1279, 0.1299, 0.1310, 0.1340,
        0.1368, 0.1384, 0.1391, 0.1423, 0.1440, 0.1469, 0.1472, 0.1475, 0.1476,
        0.1477, 0.1478, 0.1485, 0.1518, 0.1543, 0.1546, 0.1547, 0.1547, 0.1560,
        0.1593, 0.1597, 0.1599, 0.1600, 0.1605, 0.1607, 0.1617, 0.1621, 0.1626,
        0.1630, 0.1647, 0.1676, 0.1684, 0.1691, 0.1713, 0.1733, 0.1751, 0.1757,
        0.1762, 0.1782, 0.1793, 0.1818, 0.1860, 0.1864, 0.1894, 0.1909, 0.1916,
        0.1947, 0.1953, 0.1977, 0.1980, 0.1983, 0.2014, 0.2017, 0.2035, 0.2059,
        0.2189, 0.2210, 0.2223, 0.2249, 0.2253, 0.2266, 0.2283, 0.2288, 0.2346,
        0.2402, 0.2432, 0.2456, 0.2486, 0.2497, 0.2508, 0.2548, 0.2560, 0.2576,
        0.2589, 0.2629, 0.2639, 0.2712, 0.2714, 0.2714, 0.2726, 0.2756, 0.2795,
        0.2799, 0.2804, 0.2829, 0.2835, 0.2838, 0.2898, 0.2898, 0.2945, 0.2949,
        0.2974, 0.2986, 0.2989, 0.3010, 0.3018, 0.3088, 0.3122, 0.3154, 0.3157,
        0.3173, 0.3196, 0.3196, 0.3218, 0.3237, 0.3294, 0.3333, 0.3402, 0.3423,
        0.3428, 0.3547, 0.3560, 0.3562, 0.3672, 0.3725, 0.3749, 0.3767, 0.3774,
        0.3784, 0.3857, 0.3868, 0.3878, 0.3882, 0.3916, 0.3923, 0.3934, 0.3948,
        0.4005, 0.4023, 0.4081, 0.4187, 0.4217, 0.4231, 0.4243, 0.4296, 0.4334,
        0.4382, 0.4395, 0.4477, 0.4493, 0.4502, 0.4555, 0.4646, 0.4797, 0.4822,
        0.4833, 0.4901, 0.4905, 0.4914, 0.4961, 0.5020, 0.5048, 0.5063, 0.5105,
        0.5182, 0.5199, 0.5221, 0.5238, 0.5278, 0.5342, 0.5425, 0.5446, 0.5524,
        0.5559, 0.5559, 0.5659, 0.5720, 0.5737, 0.5826, 0.5906, 0.5937, 0.6032,
        0.6056, 0.6065, 0.6261, 0.6269, 0.6287, 0.6616, 0.6690, 0.6839, 0.6978,
        0.7015, 0.7155, 0.7298, 0.7330, 0.7341, 0.7362, 0.7447, 0.7547, 0.7874]), tensor([0.3833, 0.4699, 0.5019, 0.5547, 0.5566, 0.5795, 0.5820, 0.5979, 0.6389,
        0.6443, 0.6466, 0.6582, 0.6583, 0.6644, 0.6744, 0.6947, 0.7045, 0.7080,
        0.7126, 0.7237, 0.7298, 0.7343, 0.7389, 0.7426, 0.7447, 0.7541, 0.7580,
        0.7632, 0.7635, 0.7656, 0.7664, 0.7694, 0.7719, 0.7728, 0.7789, 0.7801,
        0.7825, 0.7847, 0.7885, 0.7905, 0.7916, 0.7981, 0.8043, 0.8094, 0.8139,
        0.8175, 0.8177, 0.8222, 0.8242, 0.8255, 0.8269, 0.8284, 0.8288, 0.8298,
        0.8318, 0.8353, 0.8360, 0.8363, 0.8380, 0.8384, 0.8421, 0.8423, 0.8424,
        0.8442, 0.8451, 0.8453, 0.8457, 0.8460, 0.8490, 0.8511, 0.8519, 0.8538,
        0.8549, 0.8561, 0.8562, 0.8562, 0.8578, 0.8606, 0.8609, 0.8631, 0.8672,
        0.8688, 0.8696, 0.8698, 0.8714, 0.8743, 0.8764, 0.8768, 0.8777, 0.8781,
        0.8786, 0.8788, 0.8800, 0.8802, 0.8818, 0.8825, 0.8827, 0.8837, 0.8846,
        0.8847, 0.8849, 0.8852, 0.8853, 0.8864, 0.8890, 0.8891, 0.8891, 0.8895,
        0.8895, 0.8899, 0.8902, 0.8918, 0.8920, 0.8929, 0.8935, 0.8943, 0.8946,
        0.8954, 0.8957, 0.8964, 0.8967, 0.8968, 0.8984, 0.8992, 0.9005, 0.9007,
        0.9010, 0.9014, 0.9023, 0.9027, 0.9028, 0.9029, 0.9042, 0.9044, 0.9047,
        0.9051, 0.9055, 0.9057, 0.9060, 0.9064, 0.9082, 0.9085, 0.9086, 0.9086,
        0.9103, 0.9103, 0.9105, 0.9108, 0.9109, 0.9124, 0.9128, 0.9140, 0.9149,
        0.9150, 0.9151, 0.9161, 0.9161, 0.9166, 0.9167, 0.9175, 0.9176, 0.9180,
        0.9198, 0.9214, 0.9227, 0.9234, 0.9249, 0.9251, 0.9252, 0.9257, 0.9257,
        0.9258, 0.9266, 0.9268, 0.9269, 0.9272, 0.9294, 0.9298, 0.9302, 0.9304,
        0.9308, 0.9311, 0.9315, 0.9318, 0.9345, 0.9350, 0.9354, 0.9355, 0.9356,
        0.9373, 0.9374, 0.9379, 0.9385, 0.9405, 0.9407, 0.9413, 0.9420, 0.9422,
        0.9432, 0.9433, 0.9435, 0.9470, 0.9470, 0.9485, 0.9496, 0.9507, 0.9507,
        0.9535, 0.9535, 0.9539, 0.9556, 0.9558, 0.9576, 0.9581, 0.9583, 0.9584,
        0.9588, 0.9597, 0.9600, 0.9602, 0.9602, 0.9606, 0.9618, 0.9640, 0.9641,
        0.9672, 0.9674, 0.9694, 0.9704, 0.9730, 0.9788, 0.9792, 0.9799, 0.9824]), tensor([0.0434, 0.0491, 0.0492, 0.0573, 0.0637, 0.0749, 0.0845, 0.0878, 0.0894,
        0.0898, 0.0905, 0.0997, 0.1005, 0.1048, 0.1049, 0.1056, 0.1085, 0.1251,
        0.1307, 0.1320, 0.1340, 0.1350, 0.1363, 0.1406, 0.1471, 0.1487, 0.1502,
        0.1536, 0.1588, 0.1609, 0.1625, 0.1645, 0.1653, 0.1660, 0.1700, 0.1710,
        0.1724, 0.1743, 0.1744, 0.1803, 0.1881, 0.1942, 0.1950, 0.1951, 0.2051,
        0.2150, 0.2151, 0.2188, 0.2200, 0.2228, 0.2254, 0.2258, 0.2274, 0.2283,
        0.2382, 0.2450, 0.2460, 0.2468, 0.2600, 0.2639, 0.2657, 0.2667, 0.2673,
        0.2747, 0.2818, 0.2823, 0.2866, 0.2875, 0.2877, 0.2958, 0.2978, 0.3009,
        0.3015, 0.3032, 0.3041, 0.3041, 0.3066, 0.3075, 0.3076, 0.3122, 0.3158,
        0.3160, 0.3166, 0.3195, 0.3197, 0.3243, 0.3350, 0.3364, 0.3490, 0.3529,
        0.3592, 0.3611, 0.3625, 0.3648, 0.3648, 0.3668, 0.3704, 0.3706, 0.3707,
        0.3752, 0.3848, 0.3852, 0.3871, 0.3897, 0.3914, 0.3914, 0.3949, 0.3960,
        0.4034, 0.4040, 0.4057, 0.4109, 0.4118, 0.4119, 0.4165, 0.4166, 0.4219,
        0.4229, 0.4237, 0.4251, 0.4269, 0.4304, 0.4349, 0.4353, 0.4371, 0.4377,
        0.4380, 0.4382, 0.4420, 0.4559, 0.4590, 0.4629, 0.4753, 0.4782, 0.4784,
        0.4882, 0.4888, 0.4899, 0.4901, 0.4919, 0.4946, 0.4947, 0.4966, 0.4990,
        0.4995, 0.5009, 0.5031, 0.5108, 0.5115, 0.5147, 0.5185, 0.5217, 0.5220,
        0.5236, 0.5303, 0.5356, 0.5364, 0.5377, 0.5492, 0.5508, 0.5537, 0.5558,
        0.5572, 0.5586, 0.5600, 0.5617, 0.5620, 0.5648, 0.5692, 0.5722, 0.5858,
        0.5961, 0.6098, 0.6108, 0.6108, 0.6124, 0.6237, 0.6301, 0.6353, 0.6370,
        0.6379, 0.6419, 0.6456, 0.6510, 0.6514, 0.6520, 0.6552, 0.6655, 0.6715,
        0.6737, 0.6758, 0.6889, 0.6976, 0.7051, 0.7098, 0.7100, 0.7112, 0.7129,
        0.7133, 0.7159, 0.7162, 0.7179, 0.7209, 0.7227, 0.7267, 0.7272, 0.7341,
        0.7341, 0.7347, 0.7413, 0.7539, 0.7540, 0.7661, 0.7668, 0.7750, 0.7874,
        0.7941, 0.7949, 0.8078, 0.8205, 0.8234, 0.8354, 0.8416, 0.8465, 0.8493,
        0.8601, 0.8624, 0.8817, 0.8832, 0.8898, 0.8999, 0.9010, 0.9078, 0.9300])])"
resnet50_baseline,,0.7435897588729858,0.699999988079071,0.20588235557079315,0.6855067328136074,"tensor([0.4543], device='cuda:0')","tensor([[160.,   6.],
        [ 54.,  14.]])",0.36752137541770935,0.22751322388648987,0.9555555582046509,0.8022339800117578,"tensor([0.0909], device='cuda:0')","tensor([[ 43., 146.],
        [  2.,  43.]])",0.8034188151359558,0.21739129722118378,0.1515151560306549,0.6262626262626263,"tensor([0.2010], device='cuda:0')","tensor([[183.,  18.],
        [ 28.,   5.]])",0.34188035130500793,0.3405172526836395,0.987500011920929,0.5360389610389611,"tensor([0.0695], device='cuda:0')","tensor([[  1., 153.],
        [  1.,  79.]])",0.8205128312110901,0.6865671873092651,0.6865671873092651,0.8648672803646439,"tensor([0.4259], device='cuda:0')","tensor([[146.,  21.],
        [ 21.,  46.]])",0.025641025975346565,0.48209071159362793,"([tensor([0.2906, 0.2918, 0.2931, 0.2944, 0.2957, 0.2969, 0.2982, 0.2996, 0.3009,
        0.3022, 0.3036, 0.3049, 0.3063, 0.3077, 0.3045, 0.3059, 0.3073, 0.3088,
        0.3056, 0.3070, 0.3084, 0.3052, 0.3019, 0.3033, 0.3000, 0.3014, 0.2981,
        0.2995, 0.3010, 0.3024, 0.3039, 0.3054, 0.3069, 0.3085, 0.3050, 0.3015,
        0.3030, 0.3046, 0.3061, 0.3077, 0.3093, 0.3109, 0.3125, 0.3141, 0.3158,
        0.3122, 0.3138, 0.3155, 0.3172, 0.3189, 0.3207, 0.3224, 0.3242, 0.3260,
        0.3278, 0.3296, 0.3315, 0.3333, 0.3352, 0.3314, 0.3333, 0.3353, 0.3372,
        0.3392, 0.3412, 0.3373, 0.3333, 0.3293, 0.3313, 0.3333, 0.3354, 0.3374,
        0.3395, 0.3416, 0.3438, 0.3459, 0.3481, 0.3439, 0.3462, 0.3419, 0.3442,
        0.3464, 0.3421, 0.3444, 0.3400, 0.3423, 0.3446, 0.3469, 0.3493, 0.3517,
        0.3472, 0.3497, 0.3521, 0.3475, 0.3500, 0.3525, 0.3551, 0.3577, 0.3603,
        0.3556, 0.3582, 0.3609, 0.3561, 0.3588, 0.3538, 0.3566, 0.3594, 0.3622,
        0.3651, 0.3680, 0.3710, 0.3740, 0.3770, 0.3802, 0.3833, 0.3866, 0.3898,
        0.3932, 0.3966, 0.4000, 0.4035, 0.3982, 0.4018, 0.4054, 0.4091, 0.4128,
        0.4074, 0.4112, 0.4151, 0.4190, 0.4231, 0.4175, 0.4216, 0.4257, 0.4200,
        0.4141, 0.4184, 0.4227, 0.4271, 0.4316, 0.4362, 0.4301, 0.4348, 0.4396,
        0.4444, 0.4494, 0.4545, 0.4598, 0.4535, 0.4588, 0.4643, 0.4699, 0.4756,
        0.4815, 0.4875, 0.4810, 0.4744, 0.4675, 0.4605, 0.4667, 0.4730, 0.4795,
        0.4722, 0.4789, 0.4714, 0.4783, 0.4853, 0.4925, 0.5000, 0.5077, 0.5156,
        0.5238, 0.5161, 0.5246, 0.5167, 0.5085, 0.5172, 0.5263, 0.5357, 0.5455,
        0.5370, 0.5472, 0.5577, 0.5490, 0.5600, 0.5714, 0.5833, 0.5957, 0.6087,
        0.6222, 0.6364, 0.6512, 0.6667, 0.6585, 0.6750, 0.6667, 0.6579, 0.6757,
        0.6944, 0.6857, 0.7059, 0.6970, 0.6875, 0.7097, 0.7000, 0.6897, 0.6786,
        0.6667, 0.6538, 0.6800, 0.6667, 0.6522, 0.6818, 0.7143, 0.7000, 0.6842,
        0.7222, 0.7059, 0.7500, 0.7333, 0.7857, 0.7692, 0.7500, 0.8182, 0.8000,
        0.7778, 0.7500, 0.7143, 0.8333, 0.8000, 1.0000, 1.0000, 1.0000, 1.0000,
        1.0000]), tensor([0.1923, 0.1931, 0.1940, 0.1905, 0.1913, 0.1921, 0.1930, 0.1938, 0.1947,
        0.1956, 0.1964, 0.1973, 0.1982, 0.1991, 0.2000, 0.2009, 0.2018, 0.2028,
        0.2037, 0.2047, 0.2056, 0.2066, 0.2075, 0.2085, 0.2095, 0.2105, 0.2115,
        0.2126, 0.2136, 0.2146, 0.2157, 0.2167, 0.2178, 0.2189, 0.2200, 0.2161,
        0.2172, 0.2183, 0.2194, 0.2205, 0.2216, 0.2228, 0.2240, 0.2251, 0.2263,
        0.2275, 0.2287, 0.2299, 0.2312, 0.2324, 0.2337, 0.2350, 0.2363, 0.2376,
        0.2389, 0.2402, 0.2416, 0.2429, 0.2443, 0.2457, 0.2471, 0.2486, 0.2500,
        0.2515, 0.2529, 0.2544, 0.2560, 0.2575, 0.2590, 0.2606, 0.2622, 0.2638,
        0.2654, 0.2671, 0.2688, 0.2704, 0.2722, 0.2739, 0.2756, 0.2774, 0.2792,
        0.2810, 0.2829, 0.2848, 0.2867, 0.2886, 0.2905, 0.2925, 0.2945, 0.2897,
        0.2847, 0.2867, 0.2887, 0.2908, 0.2929, 0.2950, 0.2971, 0.2993, 0.3015,
        0.3037, 0.3060, 0.3083, 0.3030, 0.3053, 0.3077, 0.3023, 0.3047, 0.3071,
        0.3095, 0.3120, 0.3145, 0.3171, 0.3197, 0.3140, 0.3167, 0.3193, 0.3220,
        0.3248, 0.3276, 0.3304, 0.3246, 0.3274, 0.3304, 0.3333, 0.3364, 0.3394,
        0.3426, 0.3458, 0.3491, 0.3524, 0.3558, 0.3592, 0.3627, 0.3663, 0.3700,
        0.3636, 0.3571, 0.3608, 0.3646, 0.3579, 0.3617, 0.3656, 0.3696, 0.3736,
        0.3778, 0.3708, 0.3750, 0.3793, 0.3837, 0.3882, 0.3929, 0.3976, 0.4024,
        0.4074, 0.4000, 0.4051, 0.4103, 0.4026, 0.3947, 0.4000, 0.3919, 0.3973,
        0.4028, 0.4085, 0.4143, 0.4203, 0.4265, 0.4328, 0.4242, 0.4308, 0.4375,
        0.4286, 0.4355, 0.4426, 0.4500, 0.4576, 0.4655, 0.4561, 0.4643, 0.4727,
        0.4815, 0.4906, 0.5000, 0.5098, 0.5200, 0.5306, 0.5417, 0.5319, 0.5217,
        0.5333, 0.5227, 0.5116, 0.5238, 0.5366, 0.5250, 0.5385, 0.5263, 0.5405,
        0.5556, 0.5714, 0.5882, 0.5758, 0.5938, 0.5806, 0.5667, 0.5517, 0.5357,
        0.5185, 0.5385, 0.5600, 0.5833, 0.5652, 0.5455, 0.5238, 0.5500, 0.5789,
        0.6111, 0.6471, 0.6250, 0.6000, 0.5714, 0.6154, 0.6667, 0.7273, 0.8000,
        0.8889, 0.8750, 0.8571, 0.8333, 0.8000, 0.7500, 0.6667, 0.5000, 0.0000,
        1.0000]), tensor([0.1410, 0.1416, 0.1422, 0.1429, 0.1435, 0.1441, 0.1404, 0.1366, 0.1372,
        0.1378, 0.1384, 0.1390, 0.1396, 0.1403, 0.1364, 0.1370, 0.1376, 0.1382,
        0.1389, 0.1395, 0.1402, 0.1408, 0.1415, 0.1422, 0.1429, 0.1435, 0.1442,
        0.1449, 0.1456, 0.1463, 0.1471, 0.1478, 0.1485, 0.1493, 0.1500, 0.1508,
        0.1465, 0.1472, 0.1480, 0.1436, 0.1443, 0.1451, 0.1458, 0.1414, 0.1421,
        0.1429, 0.1436, 0.1444, 0.1452, 0.1459, 0.1467, 0.1475, 0.1484, 0.1492,
        0.1500, 0.1508, 0.1517, 0.1525, 0.1534, 0.1543, 0.1552, 0.1561, 0.1570,
        0.1579, 0.1588, 0.1598, 0.1548, 0.1497, 0.1506, 0.1515, 0.1524, 0.1534,
        0.1543, 0.1553, 0.1562, 0.1572, 0.1582, 0.1592, 0.1603, 0.1613, 0.1623,
        0.1634, 0.1645, 0.1656, 0.1667, 0.1678, 0.1689, 0.1701, 0.1712, 0.1724,
        0.1736, 0.1748, 0.1690, 0.1702, 0.1714, 0.1727, 0.1739, 0.1752, 0.1765,
        0.1778, 0.1791, 0.1805, 0.1818, 0.1832, 0.1846, 0.1860, 0.1875, 0.1890,
        0.1905, 0.1920, 0.1935, 0.1951, 0.1967, 0.1983, 0.2000, 0.2017, 0.2034,
        0.2051, 0.2069, 0.2087, 0.2105, 0.2124, 0.2143, 0.2072, 0.2091, 0.2110,
        0.2130, 0.2150, 0.2170, 0.2190, 0.2212, 0.2233, 0.2255, 0.2277, 0.2300,
        0.2323, 0.2245, 0.2268, 0.2292, 0.2316, 0.2340, 0.2258, 0.2283, 0.2308,
        0.2333, 0.2360, 0.2386, 0.2299, 0.2209, 0.2235, 0.2262, 0.2289, 0.2317,
        0.2346, 0.2375, 0.2405, 0.2436, 0.2338, 0.2368, 0.2267, 0.2297, 0.2329,
        0.2361, 0.2254, 0.2286, 0.2174, 0.2206, 0.2239, 0.2121, 0.2154, 0.2031,
        0.1905, 0.1935, 0.1803, 0.1833, 0.1864, 0.1897, 0.1930, 0.1964, 0.2000,
        0.2037, 0.2075, 0.1923, 0.1961, 0.2000, 0.2041, 0.1875, 0.1915, 0.1957,
        0.2000, 0.2045, 0.1860, 0.1905, 0.1951, 0.2000, 0.2051, 0.2105, 0.2162,
        0.2222, 0.2286, 0.2353, 0.2424, 0.2500, 0.2258, 0.2333, 0.2414, 0.2143,
        0.2222, 0.2308, 0.2400, 0.2083, 0.2174, 0.2273, 0.2381, 0.2500, 0.2632,
        0.2778, 0.2941, 0.3125, 0.3333, 0.3571, 0.3077, 0.3333, 0.3636, 0.4000,
        0.4444, 0.5000, 0.5714, 0.6667, 0.6000, 0.5000, 0.6667, 0.5000, 1.0000,
        1.0000]), tensor([0.3419, 0.3391, 0.3405, 0.3420, 0.3435, 0.3450, 0.3465, 0.3436, 0.3451,
        0.3467, 0.3482, 0.3453, 0.3468, 0.3484, 0.3500, 0.3516, 0.3532, 0.3548,
        0.3565, 0.3535, 0.3551, 0.3568, 0.3585, 0.3602, 0.3619, 0.3636, 0.3654,
        0.3671, 0.3689, 0.3659, 0.3627, 0.3645, 0.3663, 0.3682, 0.3700, 0.3719,
        0.3687, 0.3706, 0.3673, 0.3692, 0.3711, 0.3679, 0.3698, 0.3717, 0.3684,
        0.3651, 0.3670, 0.3636, 0.3656, 0.3676, 0.3696, 0.3716, 0.3681, 0.3702,
        0.3722, 0.3743, 0.3764, 0.3785, 0.3750, 0.3771, 0.3793, 0.3757, 0.3779,
        0.3743, 0.3706, 0.3669, 0.3631, 0.3593, 0.3614, 0.3636, 0.3659, 0.3681,
        0.3704, 0.3665, 0.3688, 0.3711, 0.3671, 0.3631, 0.3590, 0.3548, 0.3506,
        0.3529, 0.3487, 0.3510, 0.3467, 0.3423, 0.3446, 0.3469, 0.3493, 0.3448,
        0.3403, 0.3427, 0.3380, 0.3404, 0.3357, 0.3309, 0.3333, 0.3358, 0.3382,
        0.3407, 0.3433, 0.3459, 0.3409, 0.3435, 0.3462, 0.3488, 0.3516, 0.3543,
        0.3492, 0.3440, 0.3468, 0.3496, 0.3525, 0.3554, 0.3500, 0.3529, 0.3475,
        0.3504, 0.3534, 0.3478, 0.3509, 0.3540, 0.3571, 0.3604, 0.3636, 0.3670,
        0.3704, 0.3738, 0.3774, 0.3810, 0.3846, 0.3883, 0.3824, 0.3861, 0.3900,
        0.3939, 0.3980, 0.3918, 0.3958, 0.4000, 0.4043, 0.3978, 0.3913, 0.3846,
        0.3889, 0.3820, 0.3864, 0.3908, 0.3953, 0.4000, 0.3929, 0.3976, 0.4024,
        0.4074, 0.4000, 0.4051, 0.3974, 0.4026, 0.4079, 0.4133, 0.4054, 0.3973,
        0.4028, 0.4085, 0.4000, 0.4058, 0.4118, 0.4179, 0.4091, 0.4000, 0.4062,
        0.3968, 0.3871, 0.3934, 0.4000, 0.3898, 0.3684, 0.3571, 0.3636, 0.3519,
        0.3585, 0.3654, 0.3725, 0.3600, 0.3469, 0.3333, 0.3404, 0.3261, 0.3111,
        0.2955, 0.2791, 0.2857, 0.2683, 0.2750, 0.2564, 0.2368, 0.2432, 0.2500,
        0.2571, 0.2353, 0.2424, 0.2188, 0.2258, 0.2333, 0.2414, 0.2500, 0.2222,
        0.1923, 0.2000, 0.2083, 0.1739, 0.1818, 0.1905, 0.2000, 0.2105, 0.2222,
        0.1765, 0.1250, 0.1333, 0.1429, 0.1538, 0.0833, 0.0909, 0.1000, 0.0000,
        0.0000, 0.0000, 0.0000, 0.0000, 0.0000, 0.0000, 0.0000, 0.0000, 1.0000]), tensor([0.2863, 0.2876, 0.2888, 0.2900, 0.2913, 0.2926, 0.2939, 0.2952, 0.2965,
        0.2978, 0.2991, 0.3004, 0.3018, 0.3032, 0.3045, 0.3059, 0.3073, 0.3088,
        0.3102, 0.3116, 0.3131, 0.3146, 0.3160, 0.3175, 0.3190, 0.3206, 0.3221,
        0.3237, 0.3252, 0.3268, 0.3284, 0.3300, 0.3267, 0.3284, 0.3300, 0.3317,
        0.3333, 0.3350, 0.3367, 0.3385, 0.3402, 0.3420, 0.3438, 0.3455, 0.3421,
        0.3439, 0.3457, 0.3476, 0.3495, 0.3514, 0.3533, 0.3552, 0.3571, 0.3591,
        0.3611, 0.3631, 0.3652, 0.3672, 0.3693, 0.3714, 0.3736, 0.3757, 0.3779,
        0.3801, 0.3824, 0.3846, 0.3869, 0.3892, 0.3916, 0.3939, 0.3902, 0.3865,
        0.3889, 0.3913, 0.3938, 0.3962, 0.3987, 0.4013, 0.4038, 0.4065, 0.4091,
        0.4118, 0.4145, 0.4172, 0.4200, 0.4228, 0.4257, 0.4218, 0.4247, 0.4276,
        0.4306, 0.4336, 0.4366, 0.4397, 0.4429, 0.4460, 0.4493, 0.4526, 0.4559,
        0.4593, 0.4627, 0.4662, 0.4697, 0.4733, 0.4769, 0.4806, 0.4844, 0.4882,
        0.4921, 0.4960, 0.5000, 0.5041, 0.5082, 0.5041, 0.5083, 0.5042, 0.5085,
        0.5043, 0.5086, 0.5043, 0.5088, 0.5133, 0.5179, 0.5225, 0.5273, 0.5321,
        0.5278, 0.5327, 0.5283, 0.5333, 0.5385, 0.5437, 0.5490, 0.5545, 0.5600,
        0.5556, 0.5510, 0.5567, 0.5625, 0.5684, 0.5745, 0.5699, 0.5761, 0.5824,
        0.5778, 0.5730, 0.5795, 0.5862, 0.5930, 0.6000, 0.6071, 0.6145, 0.6220,
        0.6296, 0.6250, 0.6329, 0.6410, 0.6364, 0.6447, 0.6400, 0.6486, 0.6575,
        0.6528, 0.6479, 0.6571, 0.6667, 0.6765, 0.6866, 0.6970, 0.7077, 0.7031,
        0.7143, 0.7258, 0.7377, 0.7500, 0.7627, 0.7586, 0.7544, 0.7500, 0.7455,
        0.7593, 0.7547, 0.7692, 0.7647, 0.7600, 0.7755, 0.7917, 0.7872, 0.7826,
        0.7778, 0.7955, 0.7907, 0.7857, 0.7805, 0.7750, 0.7692, 0.7632, 0.7568,
        0.7500, 0.7429, 0.7353, 0.7273, 0.7500, 0.7742, 0.8000, 0.7931, 0.8214,
        0.8148, 0.8077, 0.8400, 0.8333, 0.8261, 0.8182, 0.8095, 0.8500, 0.8421,
        0.8333, 0.8235, 0.8750, 0.8667, 0.9286, 0.9231, 0.9167, 0.9091, 0.9000,
        0.8889, 0.8750, 0.8571, 0.8333, 1.0000, 1.0000, 1.0000, 1.0000, 1.0000,
        1.0000])], [tensor([1.0000, 1.0000, 1.0000, 1.0000, 1.0000, 1.0000, 1.0000, 1.0000, 1.0000,
        1.0000, 1.0000, 1.0000, 1.0000, 1.0000, 0.9853, 0.9853, 0.9853, 0.9853,
        0.9706, 0.9706, 0.9706, 0.9559, 0.9412, 0.9412, 0.9265, 0.9265, 0.9118,
        0.9118, 0.9118, 0.9118, 0.9118, 0.9118, 0.9118, 0.9118, 0.8971, 0.8824,
        0.8824, 0.8824, 0.8824, 0.8824, 0.8824, 0.8824, 0.8824, 0.8824, 0.8824,
        0.8676, 0.8676, 0.8676, 0.8676, 0.8676, 0.8676, 0.8676, 0.8676, 0.8676,
        0.8676, 0.8676, 0.8676, 0.8676, 0.8676, 0.8529, 0.8529, 0.8529, 0.8529,
        0.8529, 0.8529, 0.8382, 0.8235, 0.8088, 0.8088, 0.8088, 0.8088, 0.8088,
        0.8088, 0.8088, 0.8088, 0.8088, 0.8088, 0.7941, 0.7941, 0.7794, 0.7794,
        0.7794, 0.7647, 0.7647, 0.7500, 0.7500, 0.7500, 0.7500, 0.7500, 0.7500,
        0.7353, 0.7353, 0.7353, 0.7206, 0.7206, 0.7206, 0.7206, 0.7206, 0.7206,
        0.7059, 0.7059, 0.7059, 0.6912, 0.6912, 0.6765, 0.6765, 0.6765, 0.6765,
        0.6765, 0.6765, 0.6765, 0.6765, 0.6765, 0.6765, 0.6765, 0.6765, 0.6765,
        0.6765, 0.6765, 0.6765, 0.6765, 0.6618, 0.6618, 0.6618, 0.6618, 0.6618,
        0.6471, 0.6471, 0.6471, 0.6471, 0.6471, 0.6324, 0.6324, 0.6324, 0.6176,
        0.6029, 0.6029, 0.6029, 0.6029, 0.6029, 0.6029, 0.5882, 0.5882, 0.5882,
        0.5882, 0.5882, 0.5882, 0.5882, 0.5735, 0.5735, 0.5735, 0.5735, 0.5735,
        0.5735, 0.5735, 0.5588, 0.5441, 0.5294, 0.5147, 0.5147, 0.5147, 0.5147,
        0.5000, 0.5000, 0.4853, 0.4853, 0.4853, 0.4853, 0.4853, 0.4853, 0.4853,
        0.4853, 0.4706, 0.4706, 0.4559, 0.4412, 0.4412, 0.4412, 0.4412, 0.4412,
        0.4265, 0.4265, 0.4265, 0.4118, 0.4118, 0.4118, 0.4118, 0.4118, 0.4118,
        0.4118, 0.4118, 0.4118, 0.4118, 0.3971, 0.3971, 0.3824, 0.3676, 0.3676,
        0.3676, 0.3529, 0.3529, 0.3382, 0.3235, 0.3235, 0.3088, 0.2941, 0.2794,
        0.2647, 0.2500, 0.2500, 0.2353, 0.2206, 0.2206, 0.2206, 0.2059, 0.1912,
        0.1912, 0.1765, 0.1765, 0.1618, 0.1618, 0.1471, 0.1324, 0.1324, 0.1176,
        0.1029, 0.0882, 0.0735, 0.0735, 0.0588, 0.0588, 0.0441, 0.0294, 0.0147,
        0.0000]), tensor([1.0000, 1.0000, 1.0000, 0.9778, 0.9778, 0.9778, 0.9778, 0.9778, 0.9778,
        0.9778, 0.9778, 0.9778, 0.9778, 0.9778, 0.9778, 0.9778, 0.9778, 0.9778,
        0.9778, 0.9778, 0.9778, 0.9778, 0.9778, 0.9778, 0.9778, 0.9778, 0.9778,
        0.9778, 0.9778, 0.9778, 0.9778, 0.9778, 0.9778, 0.9778, 0.9778, 0.9556,
        0.9556, 0.9556, 0.9556, 0.9556, 0.9556, 0.9556, 0.9556, 0.9556, 0.9556,
        0.9556, 0.9556, 0.9556, 0.9556, 0.9556, 0.9556, 0.9556, 0.9556, 0.9556,
        0.9556, 0.9556, 0.9556, 0.9556, 0.9556, 0.9556, 0.9556, 0.9556, 0.9556,
        0.9556, 0.9556, 0.9556, 0.9556, 0.9556, 0.9556, 0.9556, 0.9556, 0.9556,
        0.9556, 0.9556, 0.9556, 0.9556, 0.9556, 0.9556, 0.9556, 0.9556, 0.9556,
        0.9556, 0.9556, 0.9556, 0.9556, 0.9556, 0.9556, 0.9556, 0.9556, 0.9333,
        0.9111, 0.9111, 0.9111, 0.9111, 0.9111, 0.9111, 0.9111, 0.9111, 0.9111,
        0.9111, 0.9111, 0.9111, 0.8889, 0.8889, 0.8889, 0.8667, 0.8667, 0.8667,
        0.8667, 0.8667, 0.8667, 0.8667, 0.8667, 0.8444, 0.8444, 0.8444, 0.8444,
        0.8444, 0.8444, 0.8444, 0.8222, 0.8222, 0.8222, 0.8222, 0.8222, 0.8222,
        0.8222, 0.8222, 0.8222, 0.8222, 0.8222, 0.8222, 0.8222, 0.8222, 0.8222,
        0.8000, 0.7778, 0.7778, 0.7778, 0.7556, 0.7556, 0.7556, 0.7556, 0.7556,
        0.7556, 0.7333, 0.7333, 0.7333, 0.7333, 0.7333, 0.7333, 0.7333, 0.7333,
        0.7333, 0.7111, 0.7111, 0.7111, 0.6889, 0.6667, 0.6667, 0.6444, 0.6444,
        0.6444, 0.6444, 0.6444, 0.6444, 0.6444, 0.6444, 0.6222, 0.6222, 0.6222,
        0.6000, 0.6000, 0.6000, 0.6000, 0.6000, 0.6000, 0.5778, 0.5778, 0.5778,
        0.5778, 0.5778, 0.5778, 0.5778, 0.5778, 0.5778, 0.5778, 0.5556, 0.5333,
        0.5333, 0.5111, 0.4889, 0.4889, 0.4889, 0.4667, 0.4667, 0.4444, 0.4444,
        0.4444, 0.4444, 0.4444, 0.4222, 0.4222, 0.4000, 0.3778, 0.3556, 0.3333,
        0.3111, 0.3111, 0.3111, 0.3111, 0.2889, 0.2667, 0.2444, 0.2444, 0.2444,
        0.2444, 0.2444, 0.2222, 0.2000, 0.1778, 0.1778, 0.1778, 0.1778, 0.1778,
        0.1778, 0.1556, 0.1333, 0.1111, 0.0889, 0.0667, 0.0444, 0.0222, 0.0000,
        0.0000]), tensor([1.0000, 1.0000, 1.0000, 1.0000, 1.0000, 1.0000, 0.9697, 0.9394, 0.9394,
        0.9394, 0.9394, 0.9394, 0.9394, 0.9394, 0.9091, 0.9091, 0.9091, 0.9091,
        0.9091, 0.9091, 0.9091, 0.9091, 0.9091, 0.9091, 0.9091, 0.9091, 0.9091,
        0.9091, 0.9091, 0.9091, 0.9091, 0.9091, 0.9091, 0.9091, 0.9091, 0.9091,
        0.8788, 0.8788, 0.8788, 0.8485, 0.8485, 0.8485, 0.8485, 0.8182, 0.8182,
        0.8182, 0.8182, 0.8182, 0.8182, 0.8182, 0.8182, 0.8182, 0.8182, 0.8182,
        0.8182, 0.8182, 0.8182, 0.8182, 0.8182, 0.8182, 0.8182, 0.8182, 0.8182,
        0.8182, 0.8182, 0.8182, 0.7879, 0.7576, 0.7576, 0.7576, 0.7576, 0.7576,
        0.7576, 0.7576, 0.7576, 0.7576, 0.7576, 0.7576, 0.7576, 0.7576, 0.7576,
        0.7576, 0.7576, 0.7576, 0.7576, 0.7576, 0.7576, 0.7576, 0.7576, 0.7576,
        0.7576, 0.7576, 0.7273, 0.7273, 0.7273, 0.7273, 0.7273, 0.7273, 0.7273,
        0.7273, 0.7273, 0.7273, 0.7273, 0.7273, 0.7273, 0.7273, 0.7273, 0.7273,
        0.7273, 0.7273, 0.7273, 0.7273, 0.7273, 0.7273, 0.7273, 0.7273, 0.7273,
        0.7273, 0.7273, 0.7273, 0.7273, 0.7273, 0.7273, 0.6970, 0.6970, 0.6970,
        0.6970, 0.6970, 0.6970, 0.6970, 0.6970, 0.6970, 0.6970, 0.6970, 0.6970,
        0.6970, 0.6667, 0.6667, 0.6667, 0.6667, 0.6667, 0.6364, 0.6364, 0.6364,
        0.6364, 0.6364, 0.6364, 0.6061, 0.5758, 0.5758, 0.5758, 0.5758, 0.5758,
        0.5758, 0.5758, 0.5758, 0.5758, 0.5455, 0.5455, 0.5152, 0.5152, 0.5152,
        0.5152, 0.4848, 0.4848, 0.4545, 0.4545, 0.4545, 0.4242, 0.4242, 0.3939,
        0.3636, 0.3636, 0.3333, 0.3333, 0.3333, 0.3333, 0.3333, 0.3333, 0.3333,
        0.3333, 0.3333, 0.3030, 0.3030, 0.3030, 0.3030, 0.2727, 0.2727, 0.2727,
        0.2727, 0.2727, 0.2424, 0.2424, 0.2424, 0.2424, 0.2424, 0.2424, 0.2424,
        0.2424, 0.2424, 0.2424, 0.2424, 0.2424, 0.2121, 0.2121, 0.2121, 0.1818,
        0.1818, 0.1818, 0.1818, 0.1515, 0.1515, 0.1515, 0.1515, 0.1515, 0.1515,
        0.1515, 0.1515, 0.1515, 0.1515, 0.1515, 0.1212, 0.1212, 0.1212, 0.1212,
        0.1212, 0.1212, 0.1212, 0.1212, 0.0909, 0.0606, 0.0606, 0.0303, 0.0303,
        0.0000]), tensor([1.0000, 0.9875, 0.9875, 0.9875, 0.9875, 0.9875, 0.9875, 0.9750, 0.9750,
        0.9750, 0.9750, 0.9625, 0.9625, 0.9625, 0.9625, 0.9625, 0.9625, 0.9625,
        0.9625, 0.9500, 0.9500, 0.9500, 0.9500, 0.9500, 0.9500, 0.9500, 0.9500,
        0.9500, 0.9500, 0.9375, 0.9250, 0.9250, 0.9250, 0.9250, 0.9250, 0.9250,
        0.9125, 0.9125, 0.9000, 0.9000, 0.9000, 0.8875, 0.8875, 0.8875, 0.8750,
        0.8625, 0.8625, 0.8500, 0.8500, 0.8500, 0.8500, 0.8500, 0.8375, 0.8375,
        0.8375, 0.8375, 0.8375, 0.8375, 0.8250, 0.8250, 0.8250, 0.8125, 0.8125,
        0.8000, 0.7875, 0.7750, 0.7625, 0.7500, 0.7500, 0.7500, 0.7500, 0.7500,
        0.7500, 0.7375, 0.7375, 0.7375, 0.7250, 0.7125, 0.7000, 0.6875, 0.6750,
        0.6750, 0.6625, 0.6625, 0.6500, 0.6375, 0.6375, 0.6375, 0.6375, 0.6250,
        0.6125, 0.6125, 0.6000, 0.6000, 0.5875, 0.5750, 0.5750, 0.5750, 0.5750,
        0.5750, 0.5750, 0.5750, 0.5625, 0.5625, 0.5625, 0.5625, 0.5625, 0.5625,
        0.5500, 0.5375, 0.5375, 0.5375, 0.5375, 0.5375, 0.5250, 0.5250, 0.5125,
        0.5125, 0.5125, 0.5000, 0.5000, 0.5000, 0.5000, 0.5000, 0.5000, 0.5000,
        0.5000, 0.5000, 0.5000, 0.5000, 0.5000, 0.5000, 0.4875, 0.4875, 0.4875,
        0.4875, 0.4875, 0.4750, 0.4750, 0.4750, 0.4750, 0.4625, 0.4500, 0.4375,
        0.4375, 0.4250, 0.4250, 0.4250, 0.4250, 0.4250, 0.4125, 0.4125, 0.4125,
        0.4125, 0.4000, 0.4000, 0.3875, 0.3875, 0.3875, 0.3875, 0.3750, 0.3625,
        0.3625, 0.3625, 0.3500, 0.3500, 0.3500, 0.3500, 0.3375, 0.3250, 0.3250,
        0.3125, 0.3000, 0.3000, 0.3000, 0.2875, 0.2625, 0.2500, 0.2500, 0.2375,
        0.2375, 0.2375, 0.2375, 0.2250, 0.2125, 0.2000, 0.2000, 0.1875, 0.1750,
        0.1625, 0.1500, 0.1500, 0.1375, 0.1375, 0.1250, 0.1125, 0.1125, 0.1125,
        0.1125, 0.1000, 0.1000, 0.0875, 0.0875, 0.0875, 0.0875, 0.0875, 0.0750,
        0.0625, 0.0625, 0.0625, 0.0500, 0.0500, 0.0500, 0.0500, 0.0500, 0.0500,
        0.0375, 0.0250, 0.0250, 0.0250, 0.0250, 0.0125, 0.0125, 0.0125, 0.0000,
        0.0000, 0.0000, 0.0000, 0.0000, 0.0000, 0.0000, 0.0000, 0.0000, 0.0000]), tensor([1.0000, 1.0000, 1.0000, 1.0000, 1.0000, 1.0000, 1.0000, 1.0000, 1.0000,
        1.0000, 1.0000, 1.0000, 1.0000, 1.0000, 1.0000, 1.0000, 1.0000, 1.0000,
        1.0000, 1.0000, 1.0000, 1.0000, 1.0000, 1.0000, 1.0000, 1.0000, 1.0000,
        1.0000, 1.0000, 1.0000, 1.0000, 1.0000, 0.9851, 0.9851, 0.9851, 0.9851,
        0.9851, 0.9851, 0.9851, 0.9851, 0.9851, 0.9851, 0.9851, 0.9851, 0.9701,
        0.9701, 0.9701, 0.9701, 0.9701, 0.9701, 0.9701, 0.9701, 0.9701, 0.9701,
        0.9701, 0.9701, 0.9701, 0.9701, 0.9701, 0.9701, 0.9701, 0.9701, 0.9701,
        0.9701, 0.9701, 0.9701, 0.9701, 0.9701, 0.9701, 0.9701, 0.9552, 0.9403,
        0.9403, 0.9403, 0.9403, 0.9403, 0.9403, 0.9403, 0.9403, 0.9403, 0.9403,
        0.9403, 0.9403, 0.9403, 0.9403, 0.9403, 0.9403, 0.9254, 0.9254, 0.9254,
        0.9254, 0.9254, 0.9254, 0.9254, 0.9254, 0.9254, 0.9254, 0.9254, 0.9254,
        0.9254, 0.9254, 0.9254, 0.9254, 0.9254, 0.9254, 0.9254, 0.9254, 0.9254,
        0.9254, 0.9254, 0.9254, 0.9254, 0.9254, 0.9104, 0.9104, 0.8955, 0.8955,
        0.8806, 0.8806, 0.8657, 0.8657, 0.8657, 0.8657, 0.8657, 0.8657, 0.8657,
        0.8507, 0.8507, 0.8358, 0.8358, 0.8358, 0.8358, 0.8358, 0.8358, 0.8358,
        0.8209, 0.8060, 0.8060, 0.8060, 0.8060, 0.8060, 0.7910, 0.7910, 0.7910,
        0.7761, 0.7612, 0.7612, 0.7612, 0.7612, 0.7612, 0.7612, 0.7612, 0.7612,
        0.7612, 0.7463, 0.7463, 0.7463, 0.7313, 0.7313, 0.7164, 0.7164, 0.7164,
        0.7015, 0.6866, 0.6866, 0.6866, 0.6866, 0.6866, 0.6866, 0.6866, 0.6716,
        0.6716, 0.6716, 0.6716, 0.6716, 0.6716, 0.6567, 0.6418, 0.6269, 0.6119,
        0.6119, 0.5970, 0.5970, 0.5821, 0.5672, 0.5672, 0.5672, 0.5522, 0.5373,
        0.5224, 0.5224, 0.5075, 0.4925, 0.4776, 0.4627, 0.4478, 0.4328, 0.4179,
        0.4030, 0.3881, 0.3731, 0.3582, 0.3582, 0.3582, 0.3582, 0.3433, 0.3433,
        0.3284, 0.3134, 0.3134, 0.2985, 0.2836, 0.2687, 0.2537, 0.2537, 0.2388,
        0.2239, 0.2090, 0.2090, 0.1940, 0.1940, 0.1791, 0.1642, 0.1493, 0.1343,
        0.1194, 0.1045, 0.0896, 0.0746, 0.0746, 0.0597, 0.0448, 0.0299, 0.0149,
        0.0000])], [tensor([0.0358, 0.0448, 0.0477, 0.0545, 0.0646, 0.0657, 0.0714, 0.0729, 0.0730,
        0.0741, 0.0741, 0.0771, 0.0772, 0.0786, 0.0801, 0.0801, 0.0815, 0.0826,
        0.0835, 0.0838, 0.0853, 0.0878, 0.0883, 0.0886, 0.0911, 0.0913, 0.0919,
        0.0931, 0.0934, 0.0940, 0.0943, 0.0952, 0.0958, 0.0961, 0.0965, 0.0966,
        0.0967, 0.0973, 0.0975, 0.0991, 0.0992, 0.0998, 0.1011, 0.1015, 0.1018,
        0.1034, 0.1037, 0.1042, 0.1043, 0.1044, 0.1053, 0.1061, 0.1064, 0.1067,
        0.1072, 0.1075, 0.1078, 0.1081, 0.1082, 0.1087, 0.1091, 0.1097, 0.1103,
        0.1106, 0.1107, 0.1120, 0.1122, 0.1127, 0.1131, 0.1131, 0.1134, 0.1136,
        0.1139, 0.1139, 0.1140, 0.1151, 0.1151, 0.1157, 0.1166, 0.1183, 0.1194,
        0.1197, 0.1198, 0.1202, 0.1219, 0.1222, 0.1238, 0.1261, 0.1269, 0.1271,
        0.1274, 0.1279, 0.1287, 0.1291, 0.1299, 0.1303, 0.1304, 0.1320, 0.1321,
        0.1322, 0.1325, 0.1337, 0.1337, 0.1351, 0.1359, 0.1361, 0.1368, 0.1390,
        0.1412, 0.1413, 0.1444, 0.1446, 0.1458, 0.1479, 0.1489, 0.1494, 0.1511,
        0.1534, 0.1543, 0.1545, 0.1554, 0.1558, 0.1564, 0.1605, 0.1618, 0.1635,
        0.1662, 0.1698, 0.1703, 0.1712, 0.1740, 0.1756, 0.1762, 0.1770, 0.1781,
        0.1784, 0.1792, 0.1799, 0.1823, 0.1825, 0.1828, 0.1839, 0.1840, 0.1850,
        0.1862, 0.1868, 0.1876, 0.1880, 0.1880, 0.1892, 0.1916, 0.1922, 0.1959,
        0.1961, 0.1963, 0.1982, 0.1992, 0.1993, 0.2001, 0.2048, 0.2050, 0.2097,
        0.2119, 0.2190, 0.2192, 0.2202, 0.2217, 0.2260, 0.2299, 0.2370, 0.2382,
        0.2409, 0.2430, 0.2458, 0.2482, 0.2522, 0.2524, 0.2533, 0.2562, 0.2564,
        0.2684, 0.2691, 0.2715, 0.2826, 0.2839, 0.2851, 0.2882, 0.3014, 0.3066,
        0.3138, 0.3207, 0.3219, 0.3259, 0.3273, 0.3285, 0.3380, 0.3458, 0.3488,
        0.3616, 0.3836, 0.3888, 0.3964, 0.4038, 0.4138, 0.4171, 0.4262, 0.4334,
        0.4513, 0.4569, 0.4731, 0.4734, 0.4837, 0.4859, 0.4936, 0.5413, 0.5615,
        0.5862, 0.5937, 0.6022, 0.6155, 0.6292, 0.6347, 0.6689, 0.6883, 0.7051,
        0.7183, 0.7249, 0.7895, 0.8226, 0.8285, 0.8562, 0.8588, 0.9164, 0.9176]), tensor([0.1268, 0.1680, 0.1776, 0.1975, 0.2102, 0.2210, 0.2381, 0.2548, 0.2855,
        0.2879, 0.2882, 0.2916, 0.2930, 0.3050, 0.3662, 0.3677, 0.3706, 0.3715,
        0.3763, 0.3819, 0.3846, 0.3870, 0.4022, 0.4087, 0.4101, 0.4131, 0.4141,
        0.4177, 0.4193, 0.4307, 0.4431, 0.4432, 0.4438, 0.4544, 0.4558, 0.4651,
        0.4678, 0.4713, 0.4721, 0.4725, 0.4810, 0.4855, 0.4866, 0.4869, 0.4984,
        0.5027, 0.5130, 0.5253, 0.5294, 0.5365, 0.5418, 0.5456, 0.5462, 0.5462,
        0.5529, 0.5552, 0.5585, 0.5623, 0.5624, 0.5667, 0.5752, 0.5763, 0.5769,
        0.5801, 0.5811, 0.5875, 0.5980, 0.6045, 0.6058, 0.6063, 0.6099, 0.6168,
        0.6184, 0.6250, 0.6394, 0.6468, 0.6506, 0.6583, 0.6641, 0.6651, 0.6711,
        0.6775, 0.6782, 0.6819, 0.6920, 0.6943, 0.6959, 0.6983, 0.6997, 0.7052,
        0.7054, 0.7067, 0.7083, 0.7103, 0.7107, 0.7132, 0.7158, 0.7162, 0.7195,
        0.7232, 0.7245, 0.7260, 0.7319, 0.7417, 0.7421, 0.7424, 0.7498, 0.7510,
        0.7521, 0.7531, 0.7557, 0.7559, 0.7592, 0.7605, 0.7618, 0.7664, 0.7668,
        0.7668, 0.7840, 0.7849, 0.7944, 0.7960, 0.7986, 0.8013, 0.8073, 0.8132,
        0.8164, 0.8201, 0.8204, 0.8217, 0.8221, 0.8224, 0.8228, 0.8242, 0.8253,
        0.8258, 0.8277, 0.8284, 0.8287, 0.8294, 0.8301, 0.8364, 0.8400, 0.8402,
        0.8404, 0.8412, 0.8428, 0.8429, 0.8436, 0.8456, 0.8467, 0.8478, 0.8503,
        0.8522, 0.8531, 0.8541, 0.8574, 0.8584, 0.8590, 0.8608, 0.8615, 0.8636,
        0.8643, 0.8667, 0.8673, 0.8700, 0.8701, 0.8728, 0.8728, 0.8743, 0.8757,
        0.8770, 0.8770, 0.8776, 0.8793, 0.8828, 0.8849, 0.8853, 0.8854, 0.8858,
        0.8864, 0.8891, 0.8929, 0.8950, 0.8963, 0.8990, 0.8991, 0.8994, 0.9006,
        0.9006, 0.9023, 0.9035, 0.9041, 0.9052, 0.9058, 0.9074, 0.9078, 0.9083,
        0.9088, 0.9096, 0.9099, 0.9100, 0.9103, 0.9110, 0.9118, 0.9127, 0.9134,
        0.9137, 0.9138, 0.9153, 0.9157, 0.9169, 0.9180, 0.9181, 0.9188, 0.9192,
        0.9199, 0.9200, 0.9201, 0.9212, 0.9245, 0.9250, 0.9252, 0.9285, 0.9297,
        0.9308, 0.9330, 0.9435, 0.9440, 0.9447, 0.9477, 0.9523, 0.9544, 0.9581]), tensor([0.0432, 0.0554, 0.0573, 0.0579, 0.0588, 0.0596, 0.0596, 0.0602, 0.0641,
        0.0650, 0.0655, 0.0656, 0.0679, 0.0683, 0.0702, 0.0713, 0.0719, 0.0720,
        0.0726, 0.0733, 0.0735, 0.0748, 0.0762, 0.0780, 0.0782, 0.0788, 0.0788,
        0.0795, 0.0807, 0.0819, 0.0831, 0.0840, 0.0860, 0.0863, 0.0870, 0.0873,
        0.0874, 0.0888, 0.0900, 0.0900, 0.0903, 0.0907, 0.0909, 0.0927, 0.0929,
        0.0930, 0.0933, 0.0939, 0.0945, 0.0953, 0.0969, 0.0977, 0.0987, 0.0989,
        0.1000, 0.1008, 0.1011, 0.1017, 0.1017, 0.1019, 0.1019, 0.1021, 0.1021,
        0.1040, 0.1043, 0.1043, 0.1045, 0.1048, 0.1051, 0.1064, 0.1075, 0.1076,
        0.1077, 0.1100, 0.1103, 0.1109, 0.1124, 0.1125, 0.1126, 0.1126, 0.1148,
        0.1150, 0.1159, 0.1163, 0.1173, 0.1177, 0.1182, 0.1188, 0.1189, 0.1199,
        0.1199, 0.1207, 0.1211, 0.1211, 0.1219, 0.1223, 0.1227, 0.1230, 0.1234,
        0.1240, 0.1259, 0.1267, 0.1268, 0.1270, 0.1283, 0.1289, 0.1300, 0.1316,
        0.1329, 0.1329, 0.1339, 0.1343, 0.1344, 0.1363, 0.1367, 0.1395, 0.1395,
        0.1401, 0.1422, 0.1434, 0.1436, 0.1442, 0.1445, 0.1459, 0.1477, 0.1483,
        0.1496, 0.1497, 0.1517, 0.1526, 0.1529, 0.1529, 0.1533, 0.1543, 0.1544,
        0.1548, 0.1579, 0.1581, 0.1608, 0.1626, 0.1639, 0.1657, 0.1658, 0.1666,
        0.1677, 0.1685, 0.1714, 0.1756, 0.1777, 0.1787, 0.1831, 0.1834, 0.1863,
        0.1879, 0.1934, 0.1978, 0.1981, 0.1989, 0.2030, 0.2065, 0.2072, 0.2098,
        0.2143, 0.2162, 0.2284, 0.2292, 0.2310, 0.2314, 0.2316, 0.2357, 0.2441,
        0.2478, 0.2594, 0.2623, 0.2636, 0.2702, 0.2703, 0.2740, 0.2769, 0.2795,
        0.2802, 0.2817, 0.2818, 0.2835, 0.2951, 0.3086, 0.3174, 0.3199, 0.3214,
        0.3218, 0.3218, 0.3249, 0.3274, 0.3389, 0.3624, 0.3733, 0.3812, 0.3897,
        0.3957, 0.3972, 0.4201, 0.4208, 0.4217, 0.4248, 0.4316, 0.4348, 0.4459,
        0.4805, 0.4842, 0.4892, 0.4987, 0.5036, 0.5048, 0.5088, 0.5216, 0.5313,
        0.5399, 0.5609, 0.5637, 0.5702, 0.5751, 0.5989, 0.6060, 0.6266, 0.6292,
        0.6375, 0.6850, 0.7131, 0.7956, 0.7971, 0.8095, 0.8097, 0.8848, 0.9263]), tensor([0.4158, 0.4503, 0.5172, 0.5898, 0.6073, 0.6223, 0.6475, 0.6673, 0.6986,
        0.7418, 0.7503, 0.7526, 0.7560, 0.7916, 0.8082, 0.8185, 0.8194, 0.8448,
        0.8466, 0.8469, 0.8475, 0.8481, 0.8490, 0.8492, 0.8495, 0.8522, 0.8544,
        0.8551, 0.8587, 0.8621, 0.8637, 0.8656, 0.8696, 0.8753, 0.8756, 0.8782,
        0.8782, 0.8785, 0.8789, 0.8807, 0.8808, 0.8811, 0.8827, 0.8836, 0.8848,
        0.8851, 0.8856, 0.8860, 0.8869, 0.8875, 0.8883, 0.8883, 0.8883, 0.8885,
        0.8886, 0.8889, 0.8894, 0.8898, 0.8902, 0.8914, 0.8917, 0.8918, 0.8919,
        0.8921, 0.8923, 0.8927, 0.8932, 0.8933, 0.8941, 0.8942, 0.8946, 0.8950,
        0.8950, 0.8961, 0.8961, 0.8962, 0.8964, 0.8968, 0.8970, 0.8970, 0.8974,
        0.8975, 0.8975, 0.8978, 0.8981, 0.8983, 0.8984, 0.8986, 0.8989, 0.8990,
        0.8991, 0.8995, 0.8997, 0.8997, 0.9003, 0.9006, 0.9008, 0.9010, 0.9010,
        0.9011, 0.9011, 0.9012, 0.9014, 0.9014, 0.9015, 0.9016, 0.9017, 0.9019,
        0.9020, 0.9021, 0.9021, 0.9024, 0.9024, 0.9026, 0.9030, 0.9033, 0.9034,
        0.9035, 0.9036, 0.9043, 0.9043, 0.9044, 0.9046, 0.9046, 0.9048, 0.9048,
        0.9050, 0.9050, 0.9055, 0.9065, 0.9065, 0.9067, 0.9068, 0.9069, 0.9070,
        0.9072, 0.9073, 0.9073, 0.9074, 0.9074, 0.9076, 0.9076, 0.9078, 0.9079,
        0.9080, 0.9080, 0.9080, 0.9080, 0.9081, 0.9082, 0.9083, 0.9084, 0.9085,
        0.9087, 0.9088, 0.9090, 0.9092, 0.9094, 0.9095, 0.9096, 0.9097, 0.9098,
        0.9100, 0.9100, 0.9101, 0.9102, 0.9102, 0.9103, 0.9105, 0.9105, 0.9110,
        0.9112, 0.9113, 0.9113, 0.9115, 0.9116, 0.9116, 0.9117, 0.9118, 0.9123,
        0.9126, 0.9130, 0.9133, 0.9137, 0.9137, 0.9138, 0.9139, 0.9141, 0.9145,
        0.9146, 0.9148, 0.9148, 0.9149, 0.9152, 0.9158, 0.9158, 0.9159, 0.9160,
        0.9162, 0.9164, 0.9165, 0.9166, 0.9168, 0.9169, 0.9170, 0.9172, 0.9172,
        0.9173, 0.9178, 0.9181, 0.9182, 0.9188, 0.9201, 0.9201, 0.9201, 0.9205,
        0.9207, 0.9207, 0.9230, 0.9234, 0.9237, 0.9240, 0.9243, 0.9246, 0.9250,
        0.9259, 0.9261, 0.9263, 0.9265, 0.9296, 0.9366, 0.9367, 0.9416]), tensor([0.0747, 0.0837, 0.0887, 0.0902, 0.0905, 0.0933, 0.0943, 0.0944, 0.0955,
        0.0956, 0.1010, 0.1023, 0.1030, 0.1032, 0.1034, 0.1037, 0.1051, 0.1067,
        0.1075, 0.1077, 0.1099, 0.1110, 0.1117, 0.1134, 0.1151, 0.1167, 0.1168,
        0.1188, 0.1192, 0.1198, 0.1198, 0.1203, 0.1211, 0.1234, 0.1264, 0.1290,
        0.1300, 0.1340, 0.1351, 0.1362, 0.1366, 0.1367, 0.1367, 0.1368, 0.1373,
        0.1376, 0.1376, 0.1378, 0.1383, 0.1384, 0.1390, 0.1401, 0.1405, 0.1406,
        0.1427, 0.1442, 0.1449, 0.1450, 0.1451, 0.1459, 0.1477, 0.1480, 0.1493,
        0.1508, 0.1547, 0.1549, 0.1581, 0.1586, 0.1593, 0.1597, 0.1607, 0.1617,
        0.1627, 0.1636, 0.1646, 0.1651, 0.1656, 0.1658, 0.1671, 0.1693, 0.1721,
        0.1729, 0.1742, 0.1758, 0.1779, 0.1794, 0.1839, 0.1888, 0.1891, 0.1897,
        0.1915, 0.1918, 0.1923, 0.1934, 0.1936, 0.1941, 0.1941, 0.1978, 0.2039,
        0.2081, 0.2096, 0.2103, 0.2107, 0.2114, 0.2114, 0.2134, 0.2150, 0.2178,
        0.2189, 0.2204, 0.2206, 0.2289, 0.2297, 0.2333, 0.2354, 0.2387, 0.2402,
        0.2427, 0.2446, 0.2455, 0.2488, 0.2529, 0.2530, 0.2539, 0.2577, 0.2608,
        0.2677, 0.2735, 0.2757, 0.2790, 0.2799, 0.2803, 0.2810, 0.2818, 0.2860,
        0.2868, 0.2938, 0.2952, 0.2952, 0.3017, 0.3032, 0.3049, 0.3320, 0.3456,
        0.3573, 0.3619, 0.3620, 0.3693, 0.3760, 0.3784, 0.3795, 0.3796, 0.3890,
        0.3935, 0.4037, 0.4059, 0.4070, 0.4157, 0.4220, 0.4378, 0.4401, 0.4411,
        0.4625, 0.4660, 0.4662, 0.4848, 0.4891, 0.5058, 0.5060, 0.5092, 0.5119,
        0.5172, 0.5182, 0.5202, 0.5294, 0.5298, 0.5320, 0.5468, 0.5582, 0.5588,
        0.5687, 0.5713, 0.6037, 0.6081, 0.6100, 0.6105, 0.6215, 0.6266, 0.6297,
        0.6516, 0.6544, 0.6750, 0.6928, 0.7143, 0.7163, 0.7208, 0.7223, 0.7342,
        0.7510, 0.7669, 0.7766, 0.7802, 0.7811, 0.7814, 0.7854, 0.7874, 0.7902,
        0.7940, 0.7949, 0.8045, 0.8126, 0.8145, 0.8158, 0.8180, 0.8184, 0.8223,
        0.8268, 0.8331, 0.8364, 0.8404, 0.8443, 0.8597, 0.8627, 0.8648, 0.8673,
        0.8744, 0.8757, 0.8802, 0.8973, 0.9071, 0.9131, 0.9215, 0.9263, 0.9302])])"
