name, ,ap/pa map_accuracy,ap/pa map_precision,ap/pa map_recall,ap/pa map_auroc,ap/pa map_auc,ap/pa map_confusion_matrix,fronal_lateral_map_accuracy,fronal_lateral_map_precision,fronal_lateral_map_recall,fronal_lateral_map_auroc,fronal_lateral_map_auc,fronal_lateral_map_confusion_matrix,cardiomegaly_accuracy,cardiomegaly_precision,cardiomegaly_recall,cardiomegaly_auroc,cardiomegaly_auc,cardiomegaly_confusion_matrix,edema_accuracy,edema_precision,edema_recall,edema_auroc,edema_auc,edema_confusion_matrix,consolidation_accuracy,consolidation_precision,consolidation_recall,consolidation_auroc,consolidation_auc,consolidation_confusion_matrix,atelectasis_accuracy,atelectasis_precision,atelectasis_recall,atelectasis_auroc,atelectasis_auc,atelectasis_confusion_matrix,pleural_effusion_accuracy,pleural_effusion_precision,pleural_effusion_recall,pleural_effusion_auroc,pleural_effusion_auc,pleural_effusion_confusion_matrix,multilabel_accuracy,multilabel_auprc,multilabel_precision_recall_curve,mcc
ap-pa_split,,1.0,1.0,1.0,1.0,"tensor([0.4424], device='cuda:0')","tensor([[169.,   0.],
        [  0.,  33.]])",,,,,,,,,,,,,,,,,,,,,,,,,,,,,,,,,,,,,,,,
fr-lat_split,,,,,,,,1.0,1.0,1.0,1.0,"tensor([0.3995], device='cuda:0')","tensor([[202.,   0.],
        [  0.,  32.]])",,,,,,,,,,,,,,,,,,,,,,,,,,,,,,,,,,
pa_no_pretraining,,,,,,,,,,,,,,1.0,1.0,1.0,1.0,"tensor([0.0660], device='cuda:0')","tensor([[32.,  0.],
        [ 0.,  1.]])",0.1212121248245239,0.0333333350718021,1.0,0.34375,"tensor([0.0059], device='cuda:0')","tensor([[ 3., 29.],
        [ 0.,  1.]])",0.8484848737716675,0.0,0.0,0.5,"tensor([0.], device='cuda:0')","tensor([[28.,  5.],
        [ 0.,  0.]])",0.1212121248245239,0.1212121248245239,1.0,0.4482758620689655,"tensor([0.0184], device='cuda:0')","tensor([[ 0., 29.],
        [ 0.,  4.]])",0.939393937587738,0.6000000238418579,1.0,0.9888888888888888,"tensor([0.1912], device='cuda:0')","tensor([[28.,  2.],
        [ 0.,  3.]])",0.0303030312061309,0.4183704853057861,"([tensor([0.0303, 0.0312, 0.0323, 0.0333, 0.0345, 0.0357, 0.0370, 0.0385, 0.0400,
        0.0417, 0.0435, 0.0455, 0.0476, 0.0500, 0.0526, 0.0556, 0.0588, 0.0625,
        0.0667, 0.0714, 0.0769, 0.0833, 0.0909, 0.1000, 0.1111, 0.1250, 0.1429,
        0.1667, 0.2000, 0.2500, 0.3333, 0.5000, 1.0000, 1.0000]), tensor([0.0303, 0.0312, 0.0323, 0.0333, 0.0345, 0.0357, 0.0370, 0.0385, 0.0400,
        0.0417, 0.0435, 0.0455, 0.0000, 0.0000, 0.0000, 0.0000, 0.0000, 0.0000,
        0.0000, 0.0000, 0.0000, 0.0000, 0.0000, 0.0000, 0.0000, 0.0000, 0.0000,
        0.0000, 0.0000, 0.0000, 0.0000, 0.0000, 0.0000, 1.0000]), tensor([0., 0., 0., 0., 0., 0., 0., 0., 0., 0., 0., 0., 0., 0., 0., 0., 0., 0.,
        0., 0., 0., 0., 0., 0., 0., 0., 0., 0., 0., 0., 0., 0., 0., 1.]), tensor([0.1212, 0.1250, 0.1290, 0.1333, 0.1379, 0.1429, 0.1481, 0.1538, 0.1200,
        0.1250, 0.1304, 0.1364, 0.1429, 0.1000, 0.1053, 0.1111, 0.0588, 0.0625,
        0.0667, 0.0714, 0.0769, 0.0833, 0.0909, 0.1000, 0.1111, 0.0000, 0.0000,
        0.0000, 0.0000, 0.0000, 0.0000, 0.0000, 0.0000, 1.0000]), tensor([0.0909, 0.0938, 0.0968, 0.1000, 0.1034, 0.1071, 0.1111, 0.1154, 0.1200,
        0.1250, 0.1304, 0.1364, 0.1429, 0.1500, 0.1579, 0.1667, 0.1765, 0.1875,
        0.2000, 0.2143, 0.2308, 0.2500, 0.2727, 0.3000, 0.3333, 0.3750, 0.4286,
        0.5000, 0.6000, 0.7500, 0.6667, 1.0000, 1.0000, 1.0000])], [tensor([1., 1., 1., 1., 1., 1., 1., 1., 1., 1., 1., 1., 1., 1., 1., 1., 1., 1.,
        1., 1., 1., 1., 1., 1., 1., 1., 1., 1., 1., 1., 1., 1., 1., 0.]), tensor([1., 1., 1., 1., 1., 1., 1., 1., 1., 1., 1., 1., 0., 0., 0., 0., 0., 0.,
        0., 0., 0., 0., 0., 0., 0., 0., 0., 0., 0., 0., 0., 0., 0., 0.]), tensor([1., 1., 1., 1., 1., 1., 1., 1., 1., 1., 1., 1., 1., 1., 1., 1., 1., 1.,
        1., 1., 1., 1., 1., 1., 1., 1., 1., 1., 1., 1., 1., 1., 1., 0.]), tensor([1.0000, 1.0000, 1.0000, 1.0000, 1.0000, 1.0000, 1.0000, 1.0000, 0.7500,
        0.7500, 0.7500, 0.7500, 0.7500, 0.5000, 0.5000, 0.5000, 0.2500, 0.2500,
        0.2500, 0.2500, 0.2500, 0.2500, 0.2500, 0.2500, 0.2500, 0.0000, 0.0000,
        0.0000, 0.0000, 0.0000, 0.0000, 0.0000, 0.0000, 0.0000]), tensor([1.0000, 1.0000, 1.0000, 1.0000, 1.0000, 1.0000, 1.0000, 1.0000, 1.0000,
        1.0000, 1.0000, 1.0000, 1.0000, 1.0000, 1.0000, 1.0000, 1.0000, 1.0000,
        1.0000, 1.0000, 1.0000, 1.0000, 1.0000, 1.0000, 1.0000, 1.0000, 1.0000,
        1.0000, 1.0000, 1.0000, 0.6667, 0.6667, 0.3333, 0.0000])], [tensor([0.0325, 0.0444, 0.0542, 0.0632, 0.0638, 0.0807, 0.0917, 0.0918, 0.0984,
        0.1048, 0.1072, 0.1152, 0.1280, 0.1346, 0.1591, 0.1633, 0.1691, 0.1786,
        0.1851, 0.2005, 0.2033, 0.2112, 0.2180, 0.2322, 0.2656, 0.2686, 0.3240,
        0.3273, 0.3339, 0.3406, 0.3545, 0.4167, 0.5488]), tensor([0.1693, 0.4596, 0.4915, 0.5060, 0.5149, 0.5303, 0.5784, 0.5833, 0.5853,
        0.5869, 0.6159, 0.6179, 0.6277, 0.6390, 0.6539, 0.6899, 0.7588, 0.7679,
        0.7717, 0.7959, 0.8009, 0.8110, 0.8228, 0.8356, 0.8391, 0.8652, 0.8737,
        0.8872, 0.9142, 0.9165, 0.9213, 0.9255, 0.9299]), tensor([0.0546, 0.0670, 0.0939, 0.1215, 0.1339, 0.1384, 0.1559, 0.1594, 0.1597,
        0.1597, 0.1617, 0.1630, 0.1676, 0.1713, 0.1864, 0.1910, 0.1983, 0.2724,
        0.2755, 0.2839, 0.3090, 0.3403, 0.3560, 0.3772, 0.3855, 0.3915, 0.4480,
        0.4798, 0.5222, 0.5445, 0.5906, 0.6260, 0.7447]), tensor([0.5017, 0.5564, 0.5976, 0.6442, 0.6582, 0.7540, 0.7824, 0.7848, 0.7915,
        0.7980, 0.8175, 0.8352, 0.8561, 0.8561, 0.8826, 0.8837, 0.8890, 0.8945,
        0.8953, 0.8984, 0.9027, 0.9046, 0.9081, 0.9104, 0.9108, 0.9109, 0.9161,
        0.9165, 0.9176, 0.9251, 0.9420, 0.9606, 0.9672]), tensor([0.0434, 0.0637, 0.0878, 0.0894, 0.0899, 0.0905, 0.0996, 0.1406, 0.1488,
        0.1609, 0.1725, 0.1745, 0.1804, 0.2052, 0.2150, 0.2200, 0.2229, 0.2276,
        0.2599, 0.2957, 0.3075, 0.3243, 0.3350, 0.3668, 0.3704, 0.3750, 0.4304,
        0.4919, 0.5304, 0.5536, 0.7267, 0.7341, 0.8234])])",0.2663567960262298
pa_pretraining,,,,,,,,,,,,,,0.9696969985961914,0.0,0.0,1.0,"tensor([0.0203], device='cuda:0')","tensor([[32.,  0.],
        [ 1.,  0.]])",0.1212121248245239,0.0333333350718021,1.0,0.625,"tensor([0.0059], device='cuda:0')","tensor([[ 3., 29.],
        [ 0.,  1.]])",0.9696969985961914,0.0,0.0,0.5,"tensor([0.], device='cuda:0')","tensor([[32.,  1.],
        [ 0.,  0.]])",0.2121212184429168,0.1333333402872085,1.0,0.4655172413793103,"tensor([0.0675], device='cuda:0')","tensor([[ 3., 26.],
        [ 0.,  4.]])",0.8484848737716675,0.3333333432674408,0.6666666865348816,0.8666666666666667,"tensor([0.0533], device='cuda:0')","tensor([[26.,  4.],
        [ 1.,  2.]])",0.0303030312061309,0.3767184019088745,"([tensor([0.0303, 0.0312, 0.0323, 0.0333, 0.0345, 0.0357, 0.0370, 0.0385, 0.0400,
        0.0417, 0.0435, 0.0455, 0.0476, 0.0500, 0.0526, 0.0556, 0.0588, 0.0625,
        0.0667, 0.0714, 0.0769, 0.0833, 0.0909, 0.1000, 0.1111, 0.1250, 0.1429,
        0.1667, 0.2000, 0.2500, 0.3333, 0.5000, 1.0000, 1.0000]), tensor([0.0303, 0.0312, 0.0323, 0.0333, 0.0345, 0.0357, 0.0370, 0.0385, 0.0400,
        0.0417, 0.0435, 0.0455, 0.0476, 0.0500, 0.0526, 0.0556, 0.0588, 0.0625,
        0.0667, 0.0714, 0.0769, 0.0000, 0.0000, 0.0000, 0.0000, 0.0000, 0.0000,
        0.0000, 0.0000, 0.0000, 0.0000, 0.0000, 0.0000, 1.0000]), tensor([0., 0., 0., 0., 0., 0., 0., 0., 0., 0., 0., 0., 0., 0., 0., 0., 0., 0.,
        0., 0., 0., 0., 0., 0., 0., 0., 0., 0., 0., 0., 0., 0., 0., 1.]), tensor([0.1212, 0.1250, 0.1290, 0.1333, 0.1379, 0.1071, 0.1111, 0.1154, 0.1200,
        0.1250, 0.1304, 0.1364, 0.0952, 0.1000, 0.1053, 0.1111, 0.0588, 0.0625,
        0.0667, 0.0714, 0.0769, 0.0833, 0.0909, 0.1000, 0.1111, 0.1250, 0.1429,
        0.1667, 0.2000, 0.2500, 0.3333, 0.0000, 0.0000, 1.0000]), tensor([0.0909, 0.0938, 0.0968, 0.1000, 0.1034, 0.1071, 0.1111, 0.1154, 0.1200,
        0.1250, 0.1304, 0.1364, 0.1429, 0.1500, 0.1579, 0.1667, 0.1765, 0.1875,
        0.2000, 0.2143, 0.1538, 0.1667, 0.1818, 0.2000, 0.2222, 0.2500, 0.2857,
        0.3333, 0.4000, 0.5000, 0.6667, 0.5000, 1.0000, 1.0000])], [tensor([1., 1., 1., 1., 1., 1., 1., 1., 1., 1., 1., 1., 1., 1., 1., 1., 1., 1.,
        1., 1., 1., 1., 1., 1., 1., 1., 1., 1., 1., 1., 1., 1., 1., 0.]), tensor([1., 1., 1., 1., 1., 1., 1., 1., 1., 1., 1., 1., 1., 1., 1., 1., 1., 1.,
        1., 1., 1., 0., 0., 0., 0., 0., 0., 0., 0., 0., 0., 0., 0., 0.]), tensor([1., 1., 1., 1., 1., 1., 1., 1., 1., 1., 1., 1., 1., 1., 1., 1., 1., 1.,
        1., 1., 1., 1., 1., 1., 1., 1., 1., 1., 1., 1., 1., 1., 1., 0.]), tensor([1.0000, 1.0000, 1.0000, 1.0000, 1.0000, 0.7500, 0.7500, 0.7500, 0.7500,
        0.7500, 0.7500, 0.7500, 0.5000, 0.5000, 0.5000, 0.5000, 0.2500, 0.2500,
        0.2500, 0.2500, 0.2500, 0.2500, 0.2500, 0.2500, 0.2500, 0.2500, 0.2500,
        0.2500, 0.2500, 0.2500, 0.2500, 0.0000, 0.0000, 0.0000]), tensor([1.0000, 1.0000, 1.0000, 1.0000, 1.0000, 1.0000, 1.0000, 1.0000, 1.0000,
        1.0000, 1.0000, 1.0000, 1.0000, 1.0000, 1.0000, 1.0000, 1.0000, 1.0000,
        1.0000, 1.0000, 0.6667, 0.6667, 0.6667, 0.6667, 0.6667, 0.6667, 0.6667,
        0.6667, 0.6667, 0.6667, 0.6667, 0.3333, 0.3333, 0.0000])], [tensor([0.0392, 0.0436, 0.0716, 0.0827, 0.0915, 0.0994, 0.1011, 0.1137, 0.1383,
        0.1474, 0.1617, 0.1618, 0.1621, 0.1630, 0.1691, 0.1696, 0.1731, 0.1742,
        0.1840, 0.2051, 0.2089, 0.2438, 0.2672, 0.2723, 0.2731, 0.2855, 0.2859,
        0.3184, 0.3245, 0.3700, 0.3946, 0.4212, 0.4617]), tensor([0.3847, 0.4080, 0.4532, 0.5019, 0.5079, 0.5096, 0.5250, 0.5356, 0.5647,
        0.5743, 0.5795, 0.5843, 0.5861, 0.5879, 0.6335, 0.6347, 0.6458, 0.6496,
        0.6713, 0.6772, 0.6879, 0.6889, 0.6917, 0.6983, 0.7044, 0.7383, 0.7433,
        0.7535, 0.7645, 0.7796, 0.8251, 0.8554, 0.8585]), tensor([0.0970, 0.1008, 0.1011, 0.1256, 0.1451, 0.1518, 0.1539, 0.1628, 0.1639,
        0.1707, 0.1758, 0.1823, 0.1873, 0.1947, 0.2189, 0.2220, 0.2391, 0.2480,
        0.2582, 0.3010, 0.3057, 0.3071, 0.3078, 0.3454, 0.3462, 0.3469, 0.3474,
        0.3634, 0.3711, 0.3833, 0.4016, 0.4651, 0.5228]), tensor([0.4132, 0.4769, 0.4921, 0.5355, 0.5718, 0.5897, 0.6113, 0.6168, 0.6301,
        0.6455, 0.6498, 0.6607, 0.6690, 0.6838, 0.6857, 0.6864, 0.6912, 0.6985,
        0.6991, 0.7002, 0.7054, 0.7134, 0.7291, 0.7410, 0.7621, 0.7731, 0.7987,
        0.8012, 0.8090, 0.8122, 0.8136, 0.8682, 0.8988]), tensor([0.1196, 0.1780, 0.1832, 0.1940, 0.1963, 0.2100, 0.2104, 0.2167, 0.2238,
        0.2284, 0.2366, 0.2468, 0.2584, 0.2830, 0.2833, 0.2984, 0.3403, 0.3773,
        0.4052, 0.4076, 0.4105, 0.4211, 0.4232, 0.4318, 0.4362, 0.4494, 0.4744,
        0.5160, 0.5425, 0.5698, 0.6367, 0.6686, 0.6710])])",0.1818046867847442
two_stage_ap_pa_no_pretraining,,,,,,,,,,,,,,0.7178217768669128,0.7368420958518982,0.2121212184429168,0.678921568627451,"tensor([0.4837], device='cuda:0')","tensor([[131.,   5.],
        [ 52.,  14.]])",0.3217821717262268,0.231638416647911,0.976190447807312,0.6498511904761904,"tensor([0.1307], device='cuda:0')","tensor([[ 24., 136.],
        [  1.,  41.]])",0.8069307208061218,0.2666666805744171,0.125,0.7204044117647059,"tensor([0.1377], device='cuda:0')","tensor([[159.,  11.],
        [ 28.,   4.]])",0.3861386179924011,0.3756345212459564,0.9866666793823242,0.50750656167979,"tensor([0.1630], device='cuda:0')","tensor([[  4., 123.],
        [  1.,  74.]])",0.8118811845779419,0.7708333134651184,0.578125,0.8618659420289855,"tensor([0.4377], device='cuda:0')","tensor([[127.,  11.],
        [ 27.,  37.]])",0.0198019798845052,0.477276861667633,"([tensor([0.3267, 0.3284, 0.3250, 0.3266, 0.3232, 0.3249, 0.3265, 0.3282, 0.3247,
        0.3264, 0.3281, 0.3246, 0.3263, 0.3280, 0.3298, 0.3316, 0.3333, 0.3297,
        0.3315, 0.3333, 0.3352, 0.3370, 0.3389, 0.3408, 0.3427, 0.3446, 0.3409,
        0.3429, 0.3448, 0.3468, 0.3488, 0.3509, 0.3529, 0.3491, 0.3452, 0.3473,
        0.3494, 0.3515, 0.3537, 0.3558, 0.3580, 0.3540, 0.3562, 0.3585, 0.3608,
        0.3631, 0.3654, 0.3677, 0.3701, 0.3725, 0.3684, 0.3709, 0.3733, 0.3758,
        0.3784, 0.3810, 0.3836, 0.3862, 0.3889, 0.3916, 0.3873, 0.3901, 0.3929,
        0.3957, 0.3986, 0.4015, 0.3971, 0.4000, 0.3955, 0.3985, 0.4015, 0.4046,
        0.4077, 0.4109, 0.4141, 0.4094, 0.4127, 0.4160, 0.4194, 0.4146, 0.4180,
        0.4132, 0.4167, 0.4118, 0.4153, 0.4103, 0.4052, 0.4087, 0.4123, 0.4071,
        0.4107, 0.4144, 0.4182, 0.4220, 0.4259, 0.4299, 0.4340, 0.4286, 0.4327,
        0.4369, 0.4314, 0.4257, 0.4300, 0.4343, 0.4388, 0.4433, 0.4375, 0.4316,
        0.4362, 0.4301, 0.4239, 0.4286, 0.4222, 0.4270, 0.4318, 0.4368, 0.4302,
        0.4353, 0.4405, 0.4337, 0.4390, 0.4444, 0.4500, 0.4557, 0.4615, 0.4675,
        0.4737, 0.4800, 0.4865, 0.4932, 0.5000, 0.5070, 0.5000, 0.4928, 0.5000,
        0.4925, 0.5000, 0.5077, 0.5000, 0.4921, 0.5000, 0.5082, 0.5167, 0.5254,
        0.5345, 0.5439, 0.5357, 0.5273, 0.5370, 0.5472, 0.5385, 0.5490, 0.5600,
        0.5714, 0.5833, 0.5957, 0.6087, 0.6000, 0.6136, 0.6047, 0.5952, 0.6098,
        0.6000, 0.6154, 0.6053, 0.6216, 0.6389, 0.6286, 0.6471, 0.6364, 0.6250,
        0.6452, 0.6667, 0.6552, 0.6786, 0.7037, 0.7308, 0.7600, 0.7500, 0.7391,
        0.7273, 0.7143, 0.7500, 0.7368, 0.7778, 0.7647, 0.8125, 0.8000, 0.8571,
        0.8462, 0.9167, 1.0000, 1.0000, 1.0000, 1.0000, 1.0000, 1.0000, 1.0000,
        1.0000, 1.0000, 1.0000, 1.0000, 1.0000]), tensor([0.2079, 0.2090, 0.2100, 0.2111, 0.2121, 0.2132, 0.2143, 0.2103, 0.2113,
        0.2124, 0.2135, 0.2147, 0.2158, 0.2169, 0.2181, 0.2193, 0.2204, 0.2216,
        0.2228, 0.2240, 0.2253, 0.2265, 0.2278, 0.2291, 0.2303, 0.2316, 0.2330,
        0.2343, 0.2356, 0.2370, 0.2384, 0.2398, 0.2412, 0.2426, 0.2381, 0.2395,
        0.2410, 0.2424, 0.2378, 0.2393, 0.2407, 0.2422, 0.2438, 0.2453, 0.2468,
        0.2484, 0.2500, 0.2516, 0.2532, 0.2549, 0.2566, 0.2583, 0.2600, 0.2617,
        0.2635, 0.2585, 0.2534, 0.2483, 0.2500, 0.2517, 0.2465, 0.2482, 0.2500,
        0.2518, 0.2536, 0.2555, 0.2574, 0.2519, 0.2537, 0.2556, 0.2576, 0.2595,
        0.2538, 0.2481, 0.2500, 0.2520, 0.2540, 0.2560, 0.2581, 0.2602, 0.2623,
        0.2645, 0.2667, 0.2689, 0.2712, 0.2650, 0.2672, 0.2696, 0.2632, 0.2566,
        0.2589, 0.2613, 0.2636, 0.2569, 0.2593, 0.2617, 0.2642, 0.2571, 0.2596,
        0.2524, 0.2549, 0.2574, 0.2500, 0.2525, 0.2551, 0.2577, 0.2604, 0.2526,
        0.2553, 0.2581, 0.2609, 0.2637, 0.2667, 0.2584, 0.2614, 0.2644, 0.2558,
        0.2588, 0.2619, 0.2651, 0.2683, 0.2716, 0.2750, 0.2785, 0.2821, 0.2857,
        0.2895, 0.2933, 0.2973, 0.2877, 0.2917, 0.2958, 0.3000, 0.3043, 0.3088,
        0.3134, 0.3182, 0.3231, 0.3281, 0.3333, 0.3387, 0.3443, 0.3500, 0.3390,
        0.3448, 0.3509, 0.3393, 0.3455, 0.3333, 0.3396, 0.3269, 0.3333, 0.3400,
        0.3265, 0.3333, 0.3404, 0.3261, 0.3333, 0.3182, 0.3023, 0.3095, 0.3171,
        0.3250, 0.3333, 0.3421, 0.3514, 0.3611, 0.3429, 0.3235, 0.3333, 0.3438,
        0.3548, 0.3667, 0.3793, 0.3929, 0.4074, 0.3846, 0.4000, 0.4167, 0.3913,
        0.4091, 0.4286, 0.4500, 0.4737, 0.4444, 0.4118, 0.4375, 0.4000, 0.4286,
        0.4615, 0.5000, 0.4545, 0.4000, 0.4444, 0.3750, 0.4286, 0.3333, 0.4000,
        0.5000, 0.3333, 0.5000, 1.0000, 1.0000]), tensor([0.1584, 0.1592, 0.1600, 0.1608, 0.1616, 0.1624, 0.1633, 0.1641, 0.1649,
        0.1658, 0.1667, 0.1675, 0.1684, 0.1693, 0.1702, 0.1658, 0.1667, 0.1676,
        0.1685, 0.1694, 0.1703, 0.1713, 0.1722, 0.1732, 0.1742, 0.1751, 0.1761,
        0.1771, 0.1782, 0.1792, 0.1802, 0.1813, 0.1824, 0.1834, 0.1845, 0.1856,
        0.1867, 0.1879, 0.1890, 0.1902, 0.1914, 0.1925, 0.1937, 0.1950, 0.1962,
        0.1975, 0.1987, 0.1935, 0.1948, 0.1961, 0.1974, 0.1987, 0.2000, 0.2013,
        0.2027, 0.2041, 0.1986, 0.2000, 0.2014, 0.2028, 0.2042, 0.2057, 0.2071,
        0.2086, 0.2101, 0.2044, 0.2059, 0.2074, 0.2090, 0.2105, 0.2121, 0.2137,
        0.2154, 0.2171, 0.2188, 0.2205, 0.2222, 0.2240, 0.2177, 0.2195, 0.2213,
        0.2231, 0.2250, 0.2269, 0.2288, 0.2308, 0.2328, 0.2261, 0.2281, 0.2301,
        0.2321, 0.2342, 0.2364, 0.2385, 0.2407, 0.2430, 0.2453, 0.2381, 0.2404,
        0.2427, 0.2451, 0.2475, 0.2500, 0.2525, 0.2551, 0.2577, 0.2604, 0.2526,
        0.2553, 0.2581, 0.2609, 0.2637, 0.2556, 0.2472, 0.2500, 0.2529, 0.2558,
        0.2588, 0.2619, 0.2651, 0.2683, 0.2716, 0.2750, 0.2785, 0.2821, 0.2857,
        0.2895, 0.2933, 0.2838, 0.2740, 0.2778, 0.2817, 0.2857, 0.2899, 0.2941,
        0.2836, 0.2879, 0.2769, 0.2656, 0.2698, 0.2742, 0.2787, 0.2833, 0.2881,
        0.2931, 0.2982, 0.3036, 0.3091, 0.3148, 0.3019, 0.3077, 0.3137, 0.3200,
        0.3265, 0.3333, 0.3404, 0.3478, 0.3333, 0.3409, 0.3256, 0.3095, 0.3171,
        0.3250, 0.3077, 0.3158, 0.3243, 0.3056, 0.3143, 0.3235, 0.3333, 0.3438,
        0.3548, 0.3667, 0.3793, 0.3929, 0.3704, 0.3846, 0.4000, 0.3750, 0.3913,
        0.3636, 0.3810, 0.3500, 0.3158, 0.3333, 0.2941, 0.3125, 0.2667, 0.2143,
        0.1538, 0.1667, 0.1818, 0.2000, 0.2222, 0.2500, 0.2857, 0.3333, 0.4000,
        0.5000, 0.6667, 0.5000, 1.0000, 1.0000]), tensor([0.3713, 0.3731, 0.3750, 0.3769, 0.3788, 0.3756, 0.3776, 0.3795, 0.3814,
        0.3834, 0.3802, 0.3822, 0.3842, 0.3862, 0.3883, 0.3904, 0.3871, 0.3892,
        0.3913, 0.3934, 0.3956, 0.3923, 0.3889, 0.3855, 0.3876, 0.3842, 0.3807,
        0.3829, 0.3793, 0.3815, 0.3779, 0.3801, 0.3824, 0.3787, 0.3810, 0.3772,
        0.3735, 0.3758, 0.3720, 0.3681, 0.3704, 0.3665, 0.3688, 0.3711, 0.3671,
        0.3694, 0.3718, 0.3742, 0.3701, 0.3725, 0.3684, 0.3642, 0.3600, 0.3624,
        0.3581, 0.3605, 0.3630, 0.3586, 0.3611, 0.3636, 0.3592, 0.3617, 0.3571,
        0.3597, 0.3623, 0.3577, 0.3529, 0.3556, 0.3582, 0.3534, 0.3485, 0.3511,
        0.3538, 0.3566, 0.3516, 0.3543, 0.3571, 0.3600, 0.3548, 0.3577, 0.3607,
        0.3554, 0.3583, 0.3613, 0.3644, 0.3675, 0.3707, 0.3739, 0.3772, 0.3717,
        0.3750, 0.3784, 0.3818, 0.3853, 0.3796, 0.3832, 0.3868, 0.3905, 0.3846,
        0.3786, 0.3824, 0.3861, 0.3900, 0.3838, 0.3776, 0.3814, 0.3750, 0.3684,
        0.3723, 0.3656, 0.3696, 0.3736, 0.3667, 0.3708, 0.3636, 0.3563, 0.3605,
        0.3647, 0.3690, 0.3614, 0.3659, 0.3704, 0.3750, 0.3797, 0.3718, 0.3636,
        0.3684, 0.3733, 0.3649, 0.3699, 0.3611, 0.3662, 0.3714, 0.3768, 0.3676,
        0.3582, 0.3636, 0.3692, 0.3594, 0.3651, 0.3710, 0.3770, 0.3833, 0.3729,
        0.3793, 0.3684, 0.3750, 0.3636, 0.3704, 0.3774, 0.3654, 0.3725, 0.3600,
        0.3673, 0.3542, 0.3617, 0.3478, 0.3556, 0.3636, 0.3721, 0.3810, 0.3902,
        0.4000, 0.3846, 0.3947, 0.4054, 0.4167, 0.4286, 0.4412, 0.4545, 0.4688,
        0.4839, 0.5000, 0.4828, 0.4643, 0.4815, 0.5000, 0.5200, 0.5000, 0.4783,
        0.5000, 0.5238, 0.5000, 0.4737, 0.4444, 0.4706, 0.4375, 0.4000, 0.3571,
        0.3846, 0.3333, 0.2727, 0.3000, 0.2222, 0.2500, 0.2857, 0.1667, 0.2000,
        0.0000, 0.0000, 0.0000, 0.0000, 1.0000]), tensor([0.3168, 0.3184, 0.3200, 0.3216, 0.3232, 0.3249, 0.3265, 0.3282, 0.3299,
        0.3316, 0.3333, 0.3351, 0.3368, 0.3386, 0.3404, 0.3422, 0.3441, 0.3459,
        0.3478, 0.3497, 0.3516, 0.3536, 0.3556, 0.3575, 0.3596, 0.3616, 0.3636,
        0.3657, 0.3678, 0.3699, 0.3721, 0.3743, 0.3765, 0.3787, 0.3810, 0.3832,
        0.3855, 0.3818, 0.3780, 0.3742, 0.3765, 0.3789, 0.3812, 0.3836, 0.3861,
        0.3885, 0.3910, 0.3935, 0.3961, 0.3987, 0.4013, 0.4040, 0.4067, 0.4094,
        0.4122, 0.4150, 0.4178, 0.4207, 0.4236, 0.4266, 0.4296, 0.4326, 0.4357,
        0.4388, 0.4420, 0.4453, 0.4412, 0.4444, 0.4478, 0.4511, 0.4545, 0.4580,
        0.4615, 0.4651, 0.4688, 0.4724, 0.4762, 0.4800, 0.4839, 0.4878, 0.4836,
        0.4876, 0.4917, 0.4958, 0.5000, 0.5043, 0.5086, 0.5130, 0.5175, 0.5221,
        0.5268, 0.5225, 0.5273, 0.5229, 0.5278, 0.5327, 0.5283, 0.5333, 0.5385,
        0.5437, 0.5490, 0.5545, 0.5600, 0.5657, 0.5714, 0.5773, 0.5729, 0.5789,
        0.5851, 0.5806, 0.5761, 0.5824, 0.5889, 0.5955, 0.5909, 0.5977, 0.5930,
        0.6000, 0.6071, 0.6024, 0.6098, 0.6173, 0.6125, 0.6203, 0.6282, 0.6364,
        0.6447, 0.6533, 0.6622, 0.6712, 0.6667, 0.6761, 0.6714, 0.6667, 0.6765,
        0.6866, 0.6970, 0.7077, 0.7188, 0.7302, 0.7258, 0.7213, 0.7333, 0.7458,
        0.7414, 0.7368, 0.7321, 0.7455, 0.7407, 0.7358, 0.7308, 0.7451, 0.7600,
        0.7551, 0.7708, 0.7660, 0.7826, 0.7778, 0.7955, 0.7907, 0.7857, 0.7805,
        0.8000, 0.7949, 0.7895, 0.7838, 0.7778, 0.8000, 0.7941, 0.7879, 0.8125,
        0.8065, 0.8000, 0.7931, 0.8214, 0.8148, 0.8077, 0.8000, 0.8333, 0.8261,
        0.8182, 0.8095, 0.8500, 0.8421, 0.8333, 0.8235, 0.8125, 0.8000, 0.7857,
        0.8462, 0.9167, 0.9091, 0.9000, 0.8889, 0.8750, 0.8571, 0.8333, 1.0000,
        1.0000, 1.0000, 1.0000, 1.0000, 1.0000])], [tensor([1.0000, 1.0000, 0.9848, 0.9848, 0.9697, 0.9697, 0.9697, 0.9697, 0.9545,
        0.9545, 0.9545, 0.9394, 0.9394, 0.9394, 0.9394, 0.9394, 0.9394, 0.9242,
        0.9242, 0.9242, 0.9242, 0.9242, 0.9242, 0.9242, 0.9242, 0.9242, 0.9091,
        0.9091, 0.9091, 0.9091, 0.9091, 0.9091, 0.9091, 0.8939, 0.8788, 0.8788,
        0.8788, 0.8788, 0.8788, 0.8788, 0.8788, 0.8636, 0.8636, 0.8636, 0.8636,
        0.8636, 0.8636, 0.8636, 0.8636, 0.8636, 0.8485, 0.8485, 0.8485, 0.8485,
        0.8485, 0.8485, 0.8485, 0.8485, 0.8485, 0.8485, 0.8333, 0.8333, 0.8333,
        0.8333, 0.8333, 0.8333, 0.8182, 0.8182, 0.8030, 0.8030, 0.8030, 0.8030,
        0.8030, 0.8030, 0.8030, 0.7879, 0.7879, 0.7879, 0.7879, 0.7727, 0.7727,
        0.7576, 0.7576, 0.7424, 0.7424, 0.7273, 0.7121, 0.7121, 0.7121, 0.6970,
        0.6970, 0.6970, 0.6970, 0.6970, 0.6970, 0.6970, 0.6970, 0.6818, 0.6818,
        0.6818, 0.6667, 0.6515, 0.6515, 0.6515, 0.6515, 0.6515, 0.6364, 0.6212,
        0.6212, 0.6061, 0.5909, 0.5909, 0.5758, 0.5758, 0.5758, 0.5758, 0.5606,
        0.5606, 0.5606, 0.5455, 0.5455, 0.5455, 0.5455, 0.5455, 0.5455, 0.5455,
        0.5455, 0.5455, 0.5455, 0.5455, 0.5455, 0.5455, 0.5303, 0.5152, 0.5152,
        0.5000, 0.5000, 0.5000, 0.4848, 0.4697, 0.4697, 0.4697, 0.4697, 0.4697,
        0.4697, 0.4697, 0.4545, 0.4394, 0.4394, 0.4394, 0.4242, 0.4242, 0.4242,
        0.4242, 0.4242, 0.4242, 0.4242, 0.4091, 0.4091, 0.3939, 0.3788, 0.3788,
        0.3636, 0.3636, 0.3485, 0.3485, 0.3485, 0.3333, 0.3333, 0.3182, 0.3030,
        0.3030, 0.3030, 0.2879, 0.2879, 0.2879, 0.2879, 0.2879, 0.2727, 0.2576,
        0.2424, 0.2273, 0.2273, 0.2121, 0.2121, 0.1970, 0.1970, 0.1818, 0.1818,
        0.1667, 0.1667, 0.1667, 0.1515, 0.1364, 0.1212, 0.1061, 0.0909, 0.0758,
        0.0606, 0.0455, 0.0303, 0.0152, 0.0000]), tensor([1.0000, 1.0000, 1.0000, 1.0000, 1.0000, 1.0000, 1.0000, 0.9762, 0.9762,
        0.9762, 0.9762, 0.9762, 0.9762, 0.9762, 0.9762, 0.9762, 0.9762, 0.9762,
        0.9762, 0.9762, 0.9762, 0.9762, 0.9762, 0.9762, 0.9762, 0.9762, 0.9762,
        0.9762, 0.9762, 0.9762, 0.9762, 0.9762, 0.9762, 0.9762, 0.9524, 0.9524,
        0.9524, 0.9524, 0.9286, 0.9286, 0.9286, 0.9286, 0.9286, 0.9286, 0.9286,
        0.9286, 0.9286, 0.9286, 0.9286, 0.9286, 0.9286, 0.9286, 0.9286, 0.9286,
        0.9286, 0.9048, 0.8810, 0.8571, 0.8571, 0.8571, 0.8333, 0.8333, 0.8333,
        0.8333, 0.8333, 0.8333, 0.8333, 0.8095, 0.8095, 0.8095, 0.8095, 0.8095,
        0.7857, 0.7619, 0.7619, 0.7619, 0.7619, 0.7619, 0.7619, 0.7619, 0.7619,
        0.7619, 0.7619, 0.7619, 0.7619, 0.7381, 0.7381, 0.7381, 0.7143, 0.6905,
        0.6905, 0.6905, 0.6905, 0.6667, 0.6667, 0.6667, 0.6667, 0.6429, 0.6429,
        0.6190, 0.6190, 0.6190, 0.5952, 0.5952, 0.5952, 0.5952, 0.5952, 0.5714,
        0.5714, 0.5714, 0.5714, 0.5714, 0.5714, 0.5476, 0.5476, 0.5476, 0.5238,
        0.5238, 0.5238, 0.5238, 0.5238, 0.5238, 0.5238, 0.5238, 0.5238, 0.5238,
        0.5238, 0.5238, 0.5238, 0.5000, 0.5000, 0.5000, 0.5000, 0.5000, 0.5000,
        0.5000, 0.5000, 0.5000, 0.5000, 0.5000, 0.5000, 0.5000, 0.5000, 0.4762,
        0.4762, 0.4762, 0.4524, 0.4524, 0.4286, 0.4286, 0.4048, 0.4048, 0.4048,
        0.3810, 0.3810, 0.3810, 0.3571, 0.3571, 0.3333, 0.3095, 0.3095, 0.3095,
        0.3095, 0.3095, 0.3095, 0.3095, 0.3095, 0.2857, 0.2619, 0.2619, 0.2619,
        0.2619, 0.2619, 0.2619, 0.2619, 0.2619, 0.2381, 0.2381, 0.2381, 0.2143,
        0.2143, 0.2143, 0.2143, 0.2143, 0.1905, 0.1667, 0.1667, 0.1429, 0.1429,
        0.1429, 0.1429, 0.1190, 0.0952, 0.0952, 0.0714, 0.0714, 0.0476, 0.0476,
        0.0476, 0.0238, 0.0238, 0.0238, 0.0000]), tensor([1.0000, 1.0000, 1.0000, 1.0000, 1.0000, 1.0000, 1.0000, 1.0000, 1.0000,
        1.0000, 1.0000, 1.0000, 1.0000, 1.0000, 1.0000, 0.9688, 0.9688, 0.9688,
        0.9688, 0.9688, 0.9688, 0.9688, 0.9688, 0.9688, 0.9688, 0.9688, 0.9688,
        0.9688, 0.9688, 0.9688, 0.9688, 0.9688, 0.9688, 0.9688, 0.9688, 0.9688,
        0.9688, 0.9688, 0.9688, 0.9688, 0.9688, 0.9688, 0.9688, 0.9688, 0.9688,
        0.9688, 0.9688, 0.9375, 0.9375, 0.9375, 0.9375, 0.9375, 0.9375, 0.9375,
        0.9375, 0.9375, 0.9062, 0.9062, 0.9062, 0.9062, 0.9062, 0.9062, 0.9062,
        0.9062, 0.9062, 0.8750, 0.8750, 0.8750, 0.8750, 0.8750, 0.8750, 0.8750,
        0.8750, 0.8750, 0.8750, 0.8750, 0.8750, 0.8750, 0.8438, 0.8438, 0.8438,
        0.8438, 0.8438, 0.8438, 0.8438, 0.8438, 0.8438, 0.8125, 0.8125, 0.8125,
        0.8125, 0.8125, 0.8125, 0.8125, 0.8125, 0.8125, 0.8125, 0.7812, 0.7812,
        0.7812, 0.7812, 0.7812, 0.7812, 0.7812, 0.7812, 0.7812, 0.7812, 0.7500,
        0.7500, 0.7500, 0.7500, 0.7500, 0.7188, 0.6875, 0.6875, 0.6875, 0.6875,
        0.6875, 0.6875, 0.6875, 0.6875, 0.6875, 0.6875, 0.6875, 0.6875, 0.6875,
        0.6875, 0.6875, 0.6562, 0.6250, 0.6250, 0.6250, 0.6250, 0.6250, 0.6250,
        0.5938, 0.5938, 0.5625, 0.5312, 0.5312, 0.5312, 0.5312, 0.5312, 0.5312,
        0.5312, 0.5312, 0.5312, 0.5312, 0.5312, 0.5000, 0.5000, 0.5000, 0.5000,
        0.5000, 0.5000, 0.5000, 0.5000, 0.4688, 0.4688, 0.4375, 0.4062, 0.4062,
        0.4062, 0.3750, 0.3750, 0.3750, 0.3438, 0.3438, 0.3438, 0.3438, 0.3438,
        0.3438, 0.3438, 0.3438, 0.3438, 0.3125, 0.3125, 0.3125, 0.2812, 0.2812,
        0.2500, 0.2500, 0.2188, 0.1875, 0.1875, 0.1562, 0.1562, 0.1250, 0.0938,
        0.0625, 0.0625, 0.0625, 0.0625, 0.0625, 0.0625, 0.0625, 0.0625, 0.0625,
        0.0625, 0.0625, 0.0312, 0.0312, 0.0000]), tensor([1.0000, 1.0000, 1.0000, 1.0000, 1.0000, 0.9867, 0.9867, 0.9867, 0.9867,
        0.9867, 0.9733, 0.9733, 0.9733, 0.9733, 0.9733, 0.9733, 0.9600, 0.9600,
        0.9600, 0.9600, 0.9600, 0.9467, 0.9333, 0.9200, 0.9200, 0.9067, 0.8933,
        0.8933, 0.8800, 0.8800, 0.8667, 0.8667, 0.8667, 0.8533, 0.8533, 0.8400,
        0.8267, 0.8267, 0.8133, 0.8000, 0.8000, 0.7867, 0.7867, 0.7867, 0.7733,
        0.7733, 0.7733, 0.7733, 0.7600, 0.7600, 0.7467, 0.7333, 0.7200, 0.7200,
        0.7067, 0.7067, 0.7067, 0.6933, 0.6933, 0.6933, 0.6800, 0.6800, 0.6667,
        0.6667, 0.6667, 0.6533, 0.6400, 0.6400, 0.6400, 0.6267, 0.6133, 0.6133,
        0.6133, 0.6133, 0.6000, 0.6000, 0.6000, 0.6000, 0.5867, 0.5867, 0.5867,
        0.5733, 0.5733, 0.5733, 0.5733, 0.5733, 0.5733, 0.5733, 0.5733, 0.5600,
        0.5600, 0.5600, 0.5600, 0.5600, 0.5467, 0.5467, 0.5467, 0.5467, 0.5333,
        0.5200, 0.5200, 0.5200, 0.5200, 0.5067, 0.4933, 0.4933, 0.4800, 0.4667,
        0.4667, 0.4533, 0.4533, 0.4533, 0.4400, 0.4400, 0.4267, 0.4133, 0.4133,
        0.4133, 0.4133, 0.4000, 0.4000, 0.4000, 0.4000, 0.4000, 0.3867, 0.3733,
        0.3733, 0.3733, 0.3600, 0.3600, 0.3467, 0.3467, 0.3467, 0.3467, 0.3333,
        0.3200, 0.3200, 0.3200, 0.3067, 0.3067, 0.3067, 0.3067, 0.3067, 0.2933,
        0.2933, 0.2800, 0.2800, 0.2667, 0.2667, 0.2667, 0.2533, 0.2533, 0.2400,
        0.2400, 0.2267, 0.2267, 0.2133, 0.2133, 0.2133, 0.2133, 0.2133, 0.2133,
        0.2133, 0.2000, 0.2000, 0.2000, 0.2000, 0.2000, 0.2000, 0.2000, 0.2000,
        0.2000, 0.2000, 0.1867, 0.1733, 0.1733, 0.1733, 0.1733, 0.1600, 0.1467,
        0.1467, 0.1467, 0.1333, 0.1200, 0.1067, 0.1067, 0.0933, 0.0800, 0.0667,
        0.0667, 0.0533, 0.0400, 0.0400, 0.0267, 0.0267, 0.0267, 0.0133, 0.0133,
        0.0000, 0.0000, 0.0000, 0.0000, 0.0000]), tensor([1.0000, 1.0000, 1.0000, 1.0000, 1.0000, 1.0000, 1.0000, 1.0000, 1.0000,
        1.0000, 1.0000, 1.0000, 1.0000, 1.0000, 1.0000, 1.0000, 1.0000, 1.0000,
        1.0000, 1.0000, 1.0000, 1.0000, 1.0000, 1.0000, 1.0000, 1.0000, 1.0000,
        1.0000, 1.0000, 1.0000, 1.0000, 1.0000, 1.0000, 1.0000, 1.0000, 1.0000,
        1.0000, 0.9844, 0.9688, 0.9531, 0.9531, 0.9531, 0.9531, 0.9531, 0.9531,
        0.9531, 0.9531, 0.9531, 0.9531, 0.9531, 0.9531, 0.9531, 0.9531, 0.9531,
        0.9531, 0.9531, 0.9531, 0.9531, 0.9531, 0.9531, 0.9531, 0.9531, 0.9531,
        0.9531, 0.9531, 0.9531, 0.9375, 0.9375, 0.9375, 0.9375, 0.9375, 0.9375,
        0.9375, 0.9375, 0.9375, 0.9375, 0.9375, 0.9375, 0.9375, 0.9375, 0.9219,
        0.9219, 0.9219, 0.9219, 0.9219, 0.9219, 0.9219, 0.9219, 0.9219, 0.9219,
        0.9219, 0.9062, 0.9062, 0.8906, 0.8906, 0.8906, 0.8750, 0.8750, 0.8750,
        0.8750, 0.8750, 0.8750, 0.8750, 0.8750, 0.8750, 0.8750, 0.8594, 0.8594,
        0.8594, 0.8438, 0.8281, 0.8281, 0.8281, 0.8281, 0.8125, 0.8125, 0.7969,
        0.7969, 0.7969, 0.7812, 0.7812, 0.7812, 0.7656, 0.7656, 0.7656, 0.7656,
        0.7656, 0.7656, 0.7656, 0.7656, 0.7500, 0.7500, 0.7344, 0.7188, 0.7188,
        0.7188, 0.7188, 0.7188, 0.7188, 0.7188, 0.7031, 0.6875, 0.6875, 0.6875,
        0.6719, 0.6562, 0.6406, 0.6406, 0.6250, 0.6094, 0.5938, 0.5938, 0.5938,
        0.5781, 0.5781, 0.5625, 0.5625, 0.5469, 0.5469, 0.5312, 0.5156, 0.5000,
        0.5000, 0.4844, 0.4688, 0.4531, 0.4375, 0.4375, 0.4219, 0.4062, 0.4062,
        0.3906, 0.3750, 0.3594, 0.3594, 0.3438, 0.3281, 0.3125, 0.3125, 0.2969,
        0.2812, 0.2656, 0.2656, 0.2500, 0.2344, 0.2188, 0.2031, 0.1875, 0.1719,
        0.1719, 0.1719, 0.1562, 0.1406, 0.1250, 0.1094, 0.0938, 0.0781, 0.0781,
        0.0625, 0.0469, 0.0312, 0.0156, 0.0000])], [tensor([0.0311, 0.0312, 0.0325, 0.0374, 0.0420, 0.0444, 0.0459, 0.0479, 0.0480,
        0.0487, 0.0517, 0.0542, 0.0544, 0.0553, 0.0557, 0.0559, 0.0583, 0.0594,
        0.0603, 0.0604, 0.0609, 0.0631, 0.0632, 0.0635, 0.0638, 0.0680, 0.0687,
        0.0697, 0.0703, 0.0707, 0.0709, 0.0730, 0.0748, 0.0764, 0.0777, 0.0778,
        0.0783, 0.0784, 0.0786, 0.0792, 0.0797, 0.0807, 0.0811, 0.0824, 0.0845,
        0.0849, 0.0851, 0.0861, 0.0864, 0.0895, 0.0911, 0.0917, 0.0918, 0.0919,
        0.0939, 0.0972, 0.0984, 0.0984, 0.0987, 0.1005, 0.1036, 0.1039, 0.1048,
        0.1070, 0.1072, 0.1081, 0.1089, 0.1108, 0.1127, 0.1133, 0.1150, 0.1152,
        0.1154, 0.1167, 0.1186, 0.1199, 0.1210, 0.1238, 0.1247, 0.1271, 0.1280,
        0.1280, 0.1294, 0.1311, 0.1323, 0.1331, 0.1332, 0.1336, 0.1343, 0.1345,
        0.1346, 0.1353, 0.1442, 0.1444, 0.1454, 0.1461, 0.1477, 0.1497, 0.1525,
        0.1542, 0.1578, 0.1587, 0.1591, 0.1633, 0.1656, 0.1669, 0.1688, 0.1691,
        0.1740, 0.1746, 0.1753, 0.1762, 0.1783, 0.1786, 0.1787, 0.1843, 0.1851,
        0.1851, 0.1882, 0.1897, 0.1922, 0.2005, 0.2007, 0.2033, 0.2059, 0.2063,
        0.2081, 0.2084, 0.2096, 0.2112, 0.2112, 0.2114, 0.2133, 0.2180, 0.2210,
        0.2254, 0.2282, 0.2285, 0.2321, 0.2322, 0.2386, 0.2414, 0.2436, 0.2459,
        0.2460, 0.2609, 0.2628, 0.2656, 0.2686, 0.2889, 0.3067, 0.3106, 0.3113,
        0.3240, 0.3273, 0.3339, 0.3396, 0.3406, 0.3449, 0.3542, 0.3545, 0.3598,
        0.3601, 0.3610, 0.3640, 0.3658, 0.3681, 0.3760, 0.3760, 0.3800, 0.3858,
        0.4023, 0.4128, 0.4130, 0.4167, 0.4170, 0.4312, 0.4475, 0.4498, 0.4690,
        0.4768, 0.4829, 0.4947, 0.5111, 0.5155, 0.5304, 0.5488, 0.5687, 0.5967,
        0.6005, 0.6054, 0.6337, 0.6441, 0.6895, 0.6946, 0.7164, 0.7217, 0.7599,
        0.7786, 0.8081, 0.8255, 0.8736]), tensor([0.1693, 0.1702, 0.1859, 0.1884, 0.2052, 0.2071, 0.2220, 0.2750, 0.2777,
        0.2804, 0.3131, 0.3227, 0.3767, 0.4136, 0.4201, 0.4279, 0.4373, 0.4379,
        0.4407, 0.4462, 0.4596, 0.4879, 0.4915, 0.4969, 0.4990, 0.5030, 0.5060,
        0.5060, 0.5149, 0.5156, 0.5167, 0.5252, 0.5283, 0.5290, 0.5303, 0.5389,
        0.5424, 0.5548, 0.5720, 0.5726, 0.5782, 0.5784, 0.5833, 0.5853, 0.5863,
        0.5869, 0.5929, 0.5999, 0.6019, 0.6084, 0.6085, 0.6141, 0.6147, 0.6159,
        0.6179, 0.6198, 0.6257, 0.6277, 0.6306, 0.6354, 0.6381, 0.6386, 0.6390,
        0.6401, 0.6507, 0.6539, 0.6626, 0.6642, 0.6668, 0.6755, 0.6759, 0.6791,
        0.6813, 0.6840, 0.6853, 0.6899, 0.6955, 0.6981, 0.6982, 0.7066, 0.7082,
        0.7087, 0.7099, 0.7119, 0.7138, 0.7141, 0.7270, 0.7273, 0.7286, 0.7287,
        0.7377, 0.7433, 0.7482, 0.7502, 0.7503, 0.7535, 0.7535, 0.7556, 0.7558,
        0.7560, 0.7588, 0.7603, 0.7616, 0.7663, 0.7679, 0.7685, 0.7716, 0.7717,
        0.7720, 0.7813, 0.7842, 0.7856, 0.7908, 0.7938, 0.7959, 0.7961, 0.7990,
        0.8009, 0.8022, 0.8067, 0.8083, 0.8088, 0.8110, 0.8142, 0.8191, 0.8197,
        0.8202, 0.8228, 0.8240, 0.8265, 0.8299, 0.8333, 0.8356, 0.8356, 0.8371,
        0.8391, 0.8391, 0.8391, 0.8394, 0.8405, 0.8425, 0.8469, 0.8483, 0.8500,
        0.8503, 0.8510, 0.8522, 0.8566, 0.8567, 0.8594, 0.8601, 0.8620, 0.8644,
        0.8648, 0.8652, 0.8687, 0.8737, 0.8744, 0.8751, 0.8759, 0.8794, 0.8837,
        0.8859, 0.8861, 0.8870, 0.8872, 0.8934, 0.8947, 0.8954, 0.8964, 0.8974,
        0.8995, 0.9009, 0.9024, 0.9028, 0.9051, 0.9073, 0.9075, 0.9101, 0.9117,
        0.9142, 0.9165, 0.9180, 0.9186, 0.9211, 0.9213, 0.9245, 0.9255, 0.9260,
        0.9262, 0.9267, 0.9284, 0.9288, 0.9294, 0.9299, 0.9309, 0.9320, 0.9321,
        0.9455, 0.9473, 0.9497, 0.9503]), tensor([0.0330, 0.0508, 0.0540, 0.0546, 0.0553, 0.0628, 0.0670, 0.0707, 0.0728,
        0.0766, 0.0769, 0.0823, 0.0828, 0.0840, 0.0843, 0.0847, 0.0868, 0.0869,
        0.0887, 0.0939, 0.0948, 0.0975, 0.0977, 0.1022, 0.1033, 0.1070, 0.1071,
        0.1074, 0.1084, 0.1116, 0.1130, 0.1165, 0.1167, 0.1191, 0.1212, 0.1212,
        0.1215, 0.1216, 0.1230, 0.1233, 0.1247, 0.1258, 0.1259, 0.1276, 0.1296,
        0.1316, 0.1316, 0.1320, 0.1339, 0.1343, 0.1373, 0.1384, 0.1393, 0.1424,
        0.1431, 0.1443, 0.1444, 0.1494, 0.1496, 0.1498, 0.1502, 0.1507, 0.1515,
        0.1540, 0.1545, 0.1559, 0.1559, 0.1594, 0.1597, 0.1597, 0.1617, 0.1623,
        0.1630, 0.1647, 0.1649, 0.1665, 0.1671, 0.1675, 0.1676, 0.1713, 0.1714,
        0.1729, 0.1757, 0.1768, 0.1789, 0.1795, 0.1795, 0.1813, 0.1820, 0.1841,
        0.1864, 0.1910, 0.1952, 0.1964, 0.1981, 0.1983, 0.2001, 0.2015, 0.2037,
        0.2052, 0.2059, 0.2069, 0.2143, 0.2174, 0.2178, 0.2179, 0.2184, 0.2187,
        0.2189, 0.2199, 0.2214, 0.2257, 0.2262, 0.2278, 0.2294, 0.2319, 0.2320,
        0.2356, 0.2366, 0.2370, 0.2403, 0.2438, 0.2442, 0.2469, 0.2483, 0.2516,
        0.2516, 0.2535, 0.2541, 0.2554, 0.2558, 0.2570, 0.2582, 0.2604, 0.2628,
        0.2633, 0.2660, 0.2672, 0.2712, 0.2724, 0.2735, 0.2755, 0.2810, 0.2811,
        0.2839, 0.2891, 0.2923, 0.2968, 0.2978, 0.3031, 0.3090, 0.3100, 0.3103,
        0.3117, 0.3187, 0.3216, 0.3236, 0.3403, 0.3466, 0.3514, 0.3516, 0.3560,
        0.3627, 0.3772, 0.3790, 0.3803, 0.3838, 0.3846, 0.3851, 0.3851, 0.3855,
        0.3915, 0.3942, 0.4059, 0.4095, 0.4375, 0.4415, 0.4430, 0.4480, 0.4492,
        0.4510, 0.4586, 0.4655, 0.4798, 0.4831, 0.4841, 0.4876, 0.5060, 0.5095,
        0.5178, 0.5222, 0.5369, 0.5445, 0.5713, 0.5906, 0.6238, 0.6260, 0.6809,
        0.7180, 0.7197, 0.7447, 0.7557]), tensor([0.2615, 0.3838, 0.3866, 0.4906, 0.4982, 0.5017, 0.5178, 0.5463, 0.5564,
        0.5591, 0.5976, 0.6011, 0.6058, 0.6115, 0.6318, 0.6440, 0.6442, 0.6501,
        0.6582, 0.6651, 0.6972, 0.7075, 0.7122, 0.7132, 0.7147, 0.7173, 0.7230,
        0.7297, 0.7390, 0.7523, 0.7540, 0.7602, 0.7644, 0.7715, 0.7769, 0.7783,
        0.7824, 0.7830, 0.7848, 0.7867, 0.7896, 0.7905, 0.7915, 0.7978, 0.7980,
        0.8010, 0.8042, 0.8047, 0.8114, 0.8119, 0.8146, 0.8162, 0.8175, 0.8192,
        0.8198, 0.8202, 0.8214, 0.8232, 0.8234, 0.8252, 0.8279, 0.8335, 0.8335,
        0.8352, 0.8355, 0.8377, 0.8384, 0.8395, 0.8414, 0.8435, 0.8449, 0.8454,
        0.8484, 0.8485, 0.8485, 0.8486, 0.8489, 0.8515, 0.8528, 0.8545, 0.8561,
        0.8561, 0.8581, 0.8600, 0.8604, 0.8630, 0.8660, 0.8661, 0.8675, 0.8678,
        0.8679, 0.8703, 0.8710, 0.8714, 0.8741, 0.8748, 0.8754, 0.8758, 0.8771,
        0.8780, 0.8824, 0.8826, 0.8831, 0.8837, 0.8844, 0.8859, 0.8870, 0.8871,
        0.8882, 0.8890, 0.8893, 0.8896, 0.8907, 0.8910, 0.8922, 0.8924, 0.8926,
        0.8940, 0.8943, 0.8945, 0.8953, 0.8962, 0.8962, 0.8965, 0.8969, 0.8978,
        0.8982, 0.8983, 0.8984, 0.8987, 0.8994, 0.8997, 0.9016, 0.9017, 0.9022,
        0.9027, 0.9031, 0.9042, 0.9045, 0.9046, 0.9050, 0.9053, 0.9058, 0.9069,
        0.9072, 0.9076, 0.9079, 0.9080, 0.9081, 0.9091, 0.9104, 0.9108, 0.9109,
        0.9113, 0.9119, 0.9121, 0.9125, 0.9127, 0.9140, 0.9146, 0.9155, 0.9161,
        0.9163, 0.9165, 0.9176, 0.9177, 0.9200, 0.9208, 0.9208, 0.9218, 0.9231,
        0.9251, 0.9257, 0.9260, 0.9265, 0.9269, 0.9270, 0.9280, 0.9286, 0.9309,
        0.9314, 0.9318, 0.9326, 0.9333, 0.9356, 0.9363, 0.9367, 0.9369, 0.9371,
        0.9379, 0.9389, 0.9397, 0.9404, 0.9420, 0.9516, 0.9535, 0.9562, 0.9575,
        0.9596, 0.9606, 0.9632, 0.9672]), tensor([0.0434, 0.0455, 0.0514, 0.0637, 0.0762, 0.0822, 0.0824, 0.0878, 0.0894,
        0.0899, 0.0905, 0.0924, 0.0947, 0.0949, 0.0985, 0.0996, 0.1010, 0.1016,
        0.1048, 0.1148, 0.1151, 0.1196, 0.1206, 0.1243, 0.1282, 0.1300, 0.1304,
        0.1360, 0.1374, 0.1406, 0.1421, 0.1446, 0.1460, 0.1479, 0.1488, 0.1502,
        0.1504, 0.1514, 0.1518, 0.1526, 0.1540, 0.1609, 0.1609, 0.1629, 0.1635,
        0.1640, 0.1645, 0.1647, 0.1655, 0.1657, 0.1668, 0.1676, 0.1725, 0.1745,
        0.1746, 0.1784, 0.1786, 0.1788, 0.1792, 0.1804, 0.1808, 0.1855, 0.1861,
        0.1865, 0.1907, 0.1907, 0.1910, 0.1972, 0.1990, 0.2052, 0.2056, 0.2070,
        0.2083, 0.2129, 0.2150, 0.2194, 0.2199, 0.2200, 0.2207, 0.2209, 0.2229,
        0.2237, 0.2276, 0.2320, 0.2560, 0.2599, 0.2614, 0.2667, 0.2691, 0.2703,
        0.2719, 0.2727, 0.2813, 0.2840, 0.2858, 0.2874, 0.2929, 0.2929, 0.2957,
        0.2968, 0.2979, 0.3075, 0.3075, 0.3171, 0.3175, 0.3193, 0.3202, 0.3243,
        0.3244, 0.3320, 0.3322, 0.3350, 0.3363, 0.3401, 0.3410, 0.3436, 0.3511,
        0.3622, 0.3637, 0.3668, 0.3671, 0.3700, 0.3704, 0.3745, 0.3750, 0.3806,
        0.3812, 0.3852, 0.3881, 0.3920, 0.3942, 0.3968, 0.4090, 0.4153, 0.4180,
        0.4216, 0.4278, 0.4304, 0.4361, 0.4513, 0.4558, 0.4625, 0.4626, 0.4669,
        0.4711, 0.4759, 0.4801, 0.4809, 0.4810, 0.4904, 0.4919, 0.4920, 0.4945,
        0.4988, 0.5059, 0.5304, 0.5356, 0.5430, 0.5489, 0.5536, 0.5593, 0.5640,
        0.5751, 0.5753, 0.5822, 0.5967, 0.5993, 0.6017, 0.6022, 0.6044, 0.6088,
        0.6200, 0.6251, 0.6341, 0.6445, 0.6555, 0.6652, 0.6746, 0.6760, 0.6843,
        0.7215, 0.7267, 0.7329, 0.7341, 0.7437, 0.7696, 0.7923, 0.8067, 0.8135,
        0.8233, 0.8234, 0.8276, 0.8382, 0.8467, 0.8543, 0.8627, 0.8676, 0.8961,
        0.9053, 0.9105, 0.9108, 0.9297])])",0.1959420442581176
two_stage_ap_pa_pretraining,,,,,,,,,,,,,,0.7475247383117676,0.7142857313156128,0.3787878751754761,0.7575757575757576,"tensor([0.3225], device='cuda:0')","tensor([[126.,  10.],
        [ 41.,  25.]])",0.301980197429657,0.2171428501605987,0.9047619104385376,0.7108630952380952,"tensor([0.1215], device='cuda:0')","tensor([[ 23., 137.],
        [  4.,  38.]])",0.8316831588745117,0.4642857015132904,0.40625,0.7814338235294118,"tensor([0.2196], device='cuda:0')","tensor([[155.,  15.],
        [ 19.,  13.]])",0.4455445408821106,0.3942857086658478,0.9200000166893004,0.6331758530183728,"tensor([0.2507], device='cuda:0')","tensor([[ 21., 106.],
        [  6.,  69.]])",0.7722772359848022,0.640625,0.640625,0.839447463768116,"tensor([0.3982], device='cuda:0')","tensor([[115.,  23.],
        [ 23.,  41.]])",0.0544554442167282,0.5576821565628052,"([tensor([0.3267, 0.3284, 0.3300, 0.3317, 0.3333, 0.3350, 0.3367, 0.3385, 0.3402,
        0.3368, 0.3385, 0.3403, 0.3421, 0.3386, 0.3404, 0.3369, 0.3333, 0.3351,
        0.3370, 0.3388, 0.3407, 0.3425, 0.3444, 0.3464, 0.3427, 0.3446, 0.3466,
        0.3486, 0.3506, 0.3468, 0.3488, 0.3509, 0.3529, 0.3550, 0.3571, 0.3593,
        0.3614, 0.3636, 0.3659, 0.3681, 0.3704, 0.3727, 0.3750, 0.3774, 0.3797,
        0.3758, 0.3782, 0.3806, 0.3831, 0.3856, 0.3882, 0.3907, 0.3933, 0.3960,
        0.3986, 0.4014, 0.4041, 0.4069, 0.4097, 0.4126, 0.4155, 0.4184, 0.4143,
        0.4173, 0.4203, 0.4234, 0.4265, 0.4296, 0.4328, 0.4361, 0.4318, 0.4351,
        0.4385, 0.4341, 0.4375, 0.4331, 0.4365, 0.4400, 0.4435, 0.4472, 0.4508,
        0.4545, 0.4583, 0.4622, 0.4661, 0.4701, 0.4741, 0.4783, 0.4825, 0.4867,
        0.4911, 0.4955, 0.5000, 0.4954, 0.5000, 0.5047, 0.5094, 0.5048, 0.5000,
        0.5049, 0.5000, 0.4950, 0.5000, 0.5051, 0.5102, 0.5155, 0.5208, 0.5263,
        0.5319, 0.5269, 0.5326, 0.5275, 0.5333, 0.5393, 0.5455, 0.5517, 0.5465,
        0.5412, 0.5476, 0.5542, 0.5488, 0.5432, 0.5375, 0.5443, 0.5385, 0.5325,
        0.5395, 0.5467, 0.5405, 0.5479, 0.5556, 0.5634, 0.5571, 0.5507, 0.5588,
        0.5672, 0.5758, 0.5846, 0.5938, 0.5873, 0.5806, 0.5902, 0.5833, 0.5932,
        0.6034, 0.5965, 0.6071, 0.6182, 0.6111, 0.6038, 0.6154, 0.6275, 0.6400,
        0.6531, 0.6667, 0.6596, 0.6739, 0.6889, 0.7045, 0.6977, 0.6905, 0.7073,
        0.7000, 0.6923, 0.7105, 0.7027, 0.6944, 0.7143, 0.7353, 0.7273, 0.7188,
        0.7097, 0.7000, 0.6897, 0.7143, 0.7037, 0.7308, 0.7200, 0.7500, 0.7391,
        0.7273, 0.7619, 0.8000, 0.8421, 0.8333, 0.8235, 0.8125, 0.8000, 0.7857,
        0.7692, 0.7500, 0.7273, 0.7000, 0.6667, 0.6250, 0.5714, 0.6667, 0.6000,
        0.7500, 1.0000, 1.0000, 1.0000, 1.0000]), tensor([0.2079, 0.2090, 0.2100, 0.2111, 0.2121, 0.2132, 0.2143, 0.2154, 0.2165,
        0.2176, 0.2135, 0.2147, 0.2158, 0.2169, 0.2181, 0.2139, 0.2151, 0.2162,
        0.2174, 0.2186, 0.2198, 0.2210, 0.2222, 0.2235, 0.2191, 0.2203, 0.2159,
        0.2171, 0.2184, 0.2197, 0.2209, 0.2164, 0.2176, 0.2130, 0.2143, 0.2156,
        0.2169, 0.2182, 0.2195, 0.2209, 0.2222, 0.2236, 0.2250, 0.2264, 0.2278,
        0.2293, 0.2308, 0.2323, 0.2338, 0.2353, 0.2368, 0.2384, 0.2400, 0.2416,
        0.2432, 0.2449, 0.2397, 0.2414, 0.2431, 0.2448, 0.2465, 0.2482, 0.2500,
        0.2518, 0.2536, 0.2555, 0.2574, 0.2519, 0.2537, 0.2556, 0.2576, 0.2595,
        0.2615, 0.2636, 0.2656, 0.2677, 0.2698, 0.2720, 0.2742, 0.2764, 0.2787,
        0.2810, 0.2750, 0.2773, 0.2797, 0.2821, 0.2845, 0.2870, 0.2895, 0.2920,
        0.2946, 0.2973, 0.3000, 0.2936, 0.2963, 0.2991, 0.2925, 0.2952, 0.2981,
        0.3010, 0.3039, 0.3069, 0.3100, 0.3131, 0.3163, 0.3196, 0.3125, 0.3158,
        0.3191, 0.3118, 0.3152, 0.3187, 0.3222, 0.3258, 0.3295, 0.3333, 0.3256,
        0.3294, 0.3333, 0.3373, 0.3415, 0.3457, 0.3500, 0.3544, 0.3462, 0.3506,
        0.3553, 0.3600, 0.3649, 0.3562, 0.3611, 0.3662, 0.3714, 0.3768, 0.3824,
        0.3881, 0.3939, 0.4000, 0.4062, 0.3968, 0.4032, 0.4098, 0.4167, 0.4068,
        0.4138, 0.4211, 0.4286, 0.4364, 0.4444, 0.4528, 0.4423, 0.4314, 0.4400,
        0.4286, 0.4167, 0.4043, 0.3913, 0.4000, 0.4091, 0.4186, 0.4048, 0.3902,
        0.4000, 0.4103, 0.4211, 0.4324, 0.4444, 0.4571, 0.4706, 0.4848, 0.5000,
        0.5161, 0.5000, 0.5172, 0.5357, 0.5556, 0.5385, 0.5600, 0.5833, 0.6087,
        0.5909, 0.5714, 0.6000, 0.6316, 0.6667, 0.6471, 0.6250, 0.6667, 0.7143,
        0.6923, 0.7500, 0.8182, 0.8000, 0.7778, 0.7500, 0.8571, 0.8333, 0.8000,
        0.7500, 0.6667, 1.0000, 1.0000, 1.0000]), tensor([0.1584, 0.1592, 0.1600, 0.1608, 0.1616, 0.1624, 0.1633, 0.1641, 0.1649,
        0.1658, 0.1667, 0.1675, 0.1684, 0.1693, 0.1702, 0.1711, 0.1667, 0.1676,
        0.1685, 0.1694, 0.1703, 0.1713, 0.1722, 0.1732, 0.1742, 0.1751, 0.1761,
        0.1771, 0.1782, 0.1792, 0.1744, 0.1754, 0.1765, 0.1775, 0.1786, 0.1796,
        0.1807, 0.1818, 0.1829, 0.1840, 0.1852, 0.1863, 0.1875, 0.1887, 0.1899,
        0.1911, 0.1923, 0.1935, 0.1948, 0.1961, 0.1974, 0.1987, 0.2000, 0.2013,
        0.2027, 0.2041, 0.2055, 0.2069, 0.2083, 0.2098, 0.2113, 0.2128, 0.2143,
        0.2158, 0.2174, 0.2190, 0.2206, 0.2222, 0.2239, 0.2256, 0.2273, 0.2290,
        0.2231, 0.2248, 0.2266, 0.2283, 0.2302, 0.2320, 0.2258, 0.2276, 0.2295,
        0.2314, 0.2333, 0.2353, 0.2373, 0.2393, 0.2414, 0.2435, 0.2456, 0.2478,
        0.2500, 0.2523, 0.2545, 0.2569, 0.2593, 0.2523, 0.2547, 0.2571, 0.2596,
        0.2524, 0.2549, 0.2574, 0.2600, 0.2626, 0.2551, 0.2577, 0.2604, 0.2632,
        0.2660, 0.2688, 0.2609, 0.2637, 0.2667, 0.2697, 0.2727, 0.2759, 0.2791,
        0.2824, 0.2857, 0.2892, 0.2927, 0.2963, 0.3000, 0.3038, 0.3077, 0.3117,
        0.3158, 0.3200, 0.3243, 0.3151, 0.3194, 0.3099, 0.3143, 0.3043, 0.3088,
        0.3134, 0.3182, 0.3231, 0.3281, 0.3333, 0.3387, 0.3443, 0.3500, 0.3559,
        0.3621, 0.3684, 0.3750, 0.3818, 0.3889, 0.3962, 0.4038, 0.4118, 0.4200,
        0.4286, 0.4167, 0.4255, 0.4348, 0.4444, 0.4545, 0.4419, 0.4524, 0.4634,
        0.4750, 0.4615, 0.4474, 0.4324, 0.4444, 0.4571, 0.4706, 0.4848, 0.5000,
        0.4839, 0.5000, 0.4828, 0.4643, 0.4444, 0.4231, 0.4000, 0.3750, 0.3913,
        0.4091, 0.4286, 0.4500, 0.4211, 0.4444, 0.4706, 0.5000, 0.5333, 0.5714,
        0.5385, 0.5833, 0.6364, 0.6000, 0.6667, 0.6250, 0.5714, 0.6667, 0.8000,
        0.7500, 0.6667, 1.0000, 1.0000, 1.0000]), tensor([0.3713, 0.3731, 0.3750, 0.3769, 0.3788, 0.3756, 0.3724, 0.3744, 0.3763,
        0.3782, 0.3750, 0.3770, 0.3737, 0.3757, 0.3777, 0.3797, 0.3817, 0.3838,
        0.3859, 0.3880, 0.3901, 0.3923, 0.3889, 0.3911, 0.3876, 0.3898, 0.3920,
        0.3943, 0.3966, 0.3931, 0.3895, 0.3918, 0.3941, 0.3905, 0.3929, 0.3952,
        0.3976, 0.3939, 0.3902, 0.3926, 0.3951, 0.3975, 0.4000, 0.4025, 0.4051,
        0.4076, 0.4103, 0.4129, 0.4091, 0.4052, 0.4013, 0.4040, 0.4067, 0.4094,
        0.4122, 0.4082, 0.4110, 0.4138, 0.4097, 0.4126, 0.4155, 0.4184, 0.4214,
        0.4173, 0.4203, 0.4234, 0.4191, 0.4222, 0.4254, 0.4211, 0.4167, 0.4198,
        0.4231, 0.4264, 0.4219, 0.4252, 0.4286, 0.4320, 0.4274, 0.4309, 0.4344,
        0.4380, 0.4417, 0.4454, 0.4492, 0.4444, 0.4483, 0.4522, 0.4561, 0.4602,
        0.4643, 0.4685, 0.4727, 0.4679, 0.4722, 0.4766, 0.4811, 0.4857, 0.4808,
        0.4757, 0.4706, 0.4653, 0.4700, 0.4747, 0.4694, 0.4639, 0.4688, 0.4737,
        0.4787, 0.4839, 0.4783, 0.4835, 0.4889, 0.4944, 0.4886, 0.4828, 0.4767,
        0.4824, 0.4881, 0.4940, 0.4878, 0.4938, 0.5000, 0.5063, 0.5000, 0.5065,
        0.5132, 0.5200, 0.5270, 0.5205, 0.5139, 0.5211, 0.5286, 0.5217, 0.5147,
        0.5075, 0.5152, 0.5231, 0.5312, 0.5397, 0.5484, 0.5410, 0.5500, 0.5424,
        0.5517, 0.5439, 0.5536, 0.5455, 0.5556, 0.5472, 0.5577, 0.5490, 0.5400,
        0.5306, 0.5208, 0.5106, 0.5217, 0.5111, 0.5000, 0.5116, 0.5238, 0.5122,
        0.5250, 0.5128, 0.5000, 0.4865, 0.5000, 0.5143, 0.5294, 0.5152, 0.5312,
        0.5161, 0.5333, 0.5517, 0.5357, 0.5185, 0.5385, 0.5600, 0.5833, 0.6087,
        0.5909, 0.5714, 0.6000, 0.6316, 0.6111, 0.5882, 0.5625, 0.5333, 0.5000,
        0.4615, 0.5000, 0.5455, 0.6000, 0.5556, 0.6250, 0.5714, 0.5000, 0.6000,
        0.5000, 0.6667, 0.5000, 0.0000, 1.0000]), tensor([0.3168, 0.3184, 0.3200, 0.3216, 0.3232, 0.3249, 0.3265, 0.3282, 0.3299,
        0.3264, 0.3281, 0.3298, 0.3316, 0.3333, 0.3351, 0.3369, 0.3387, 0.3405,
        0.3424, 0.3443, 0.3462, 0.3481, 0.3500, 0.3520, 0.3539, 0.3559, 0.3523,
        0.3543, 0.3563, 0.3584, 0.3605, 0.3626, 0.3647, 0.3609, 0.3631, 0.3653,
        0.3675, 0.3697, 0.3720, 0.3742, 0.3765, 0.3789, 0.3812, 0.3836, 0.3861,
        0.3885, 0.3910, 0.3935, 0.3961, 0.3987, 0.4013, 0.4040, 0.4067, 0.4094,
        0.4122, 0.4150, 0.4178, 0.4207, 0.4236, 0.4266, 0.4296, 0.4326, 0.4357,
        0.4388, 0.4420, 0.4453, 0.4485, 0.4519, 0.4552, 0.4586, 0.4621, 0.4656,
        0.4692, 0.4729, 0.4766, 0.4803, 0.4841, 0.4880, 0.4919, 0.4959, 0.5000,
        0.5041, 0.5000, 0.5042, 0.5000, 0.5043, 0.5086, 0.5130, 0.5175, 0.5221,
        0.5179, 0.5225, 0.5273, 0.5229, 0.5278, 0.5234, 0.5283, 0.5333, 0.5288,
        0.5243, 0.5294, 0.5347, 0.5300, 0.5354, 0.5306, 0.5361, 0.5417, 0.5474,
        0.5532, 0.5484, 0.5435, 0.5495, 0.5444, 0.5506, 0.5568, 0.5517, 0.5581,
        0.5647, 0.5714, 0.5783, 0.5854, 0.5926, 0.6000, 0.6076, 0.6154, 0.6234,
        0.6316, 0.6400, 0.6351, 0.6438, 0.6528, 0.6479, 0.6429, 0.6522, 0.6471,
        0.6567, 0.6515, 0.6462, 0.6406, 0.6508, 0.6613, 0.6557, 0.6500, 0.6610,
        0.6724, 0.6842, 0.6964, 0.7091, 0.7222, 0.7170, 0.7308, 0.7451, 0.7400,
        0.7347, 0.7292, 0.7234, 0.7391, 0.7556, 0.7500, 0.7442, 0.7381, 0.7317,
        0.7250, 0.7436, 0.7368, 0.7297, 0.7500, 0.7714, 0.7941, 0.7879, 0.7812,
        0.7742, 0.7667, 0.7931, 0.7857, 0.7778, 0.8077, 0.8400, 0.8333, 0.8261,
        0.8182, 0.8095, 0.8000, 0.7895, 0.8333, 0.8235, 0.8750, 0.8667, 0.8571,
        0.8462, 0.8333, 0.8182, 0.8000, 0.8889, 0.8750, 0.8571, 1.0000, 1.0000,
        1.0000, 1.0000, 1.0000, 1.0000, 1.0000])], [tensor([1.0000, 1.0000, 1.0000, 1.0000, 1.0000, 1.0000, 1.0000, 1.0000, 1.0000,
        0.9848, 0.9848, 0.9848, 0.9848, 0.9697, 0.9697, 0.9545, 0.9394, 0.9394,
        0.9394, 0.9394, 0.9394, 0.9394, 0.9394, 0.9394, 0.9242, 0.9242, 0.9242,
        0.9242, 0.9242, 0.9091, 0.9091, 0.9091, 0.9091, 0.9091, 0.9091, 0.9091,
        0.9091, 0.9091, 0.9091, 0.9091, 0.9091, 0.9091, 0.9091, 0.9091, 0.9091,
        0.8939, 0.8939, 0.8939, 0.8939, 0.8939, 0.8939, 0.8939, 0.8939, 0.8939,
        0.8939, 0.8939, 0.8939, 0.8939, 0.8939, 0.8939, 0.8939, 0.8939, 0.8788,
        0.8788, 0.8788, 0.8788, 0.8788, 0.8788, 0.8788, 0.8788, 0.8636, 0.8636,
        0.8636, 0.8485, 0.8485, 0.8333, 0.8333, 0.8333, 0.8333, 0.8333, 0.8333,
        0.8333, 0.8333, 0.8333, 0.8333, 0.8333, 0.8333, 0.8333, 0.8333, 0.8333,
        0.8333, 0.8333, 0.8333, 0.8182, 0.8182, 0.8182, 0.8182, 0.8030, 0.7879,
        0.7879, 0.7727, 0.7576, 0.7576, 0.7576, 0.7576, 0.7576, 0.7576, 0.7576,
        0.7576, 0.7424, 0.7424, 0.7273, 0.7273, 0.7273, 0.7273, 0.7273, 0.7121,
        0.6970, 0.6970, 0.6970, 0.6818, 0.6667, 0.6515, 0.6515, 0.6364, 0.6212,
        0.6212, 0.6212, 0.6061, 0.6061, 0.6061, 0.6061, 0.5909, 0.5758, 0.5758,
        0.5758, 0.5758, 0.5758, 0.5758, 0.5606, 0.5455, 0.5455, 0.5303, 0.5303,
        0.5303, 0.5152, 0.5152, 0.5152, 0.5000, 0.4848, 0.4848, 0.4848, 0.4848,
        0.4848, 0.4848, 0.4697, 0.4697, 0.4697, 0.4697, 0.4545, 0.4394, 0.4394,
        0.4242, 0.4091, 0.4091, 0.3939, 0.3788, 0.3788, 0.3788, 0.3636, 0.3485,
        0.3333, 0.3182, 0.3030, 0.3030, 0.2879, 0.2879, 0.2727, 0.2727, 0.2576,
        0.2424, 0.2424, 0.2424, 0.2424, 0.2273, 0.2121, 0.1970, 0.1818, 0.1667,
        0.1515, 0.1364, 0.1212, 0.1061, 0.0909, 0.0758, 0.0606, 0.0606, 0.0455,
        0.0455, 0.0455, 0.0303, 0.0152, 0.0000]), tensor([1.0000, 1.0000, 1.0000, 1.0000, 1.0000, 1.0000, 1.0000, 1.0000, 1.0000,
        1.0000, 0.9762, 0.9762, 0.9762, 0.9762, 0.9762, 0.9524, 0.9524, 0.9524,
        0.9524, 0.9524, 0.9524, 0.9524, 0.9524, 0.9524, 0.9286, 0.9286, 0.9048,
        0.9048, 0.9048, 0.9048, 0.9048, 0.8810, 0.8810, 0.8571, 0.8571, 0.8571,
        0.8571, 0.8571, 0.8571, 0.8571, 0.8571, 0.8571, 0.8571, 0.8571, 0.8571,
        0.8571, 0.8571, 0.8571, 0.8571, 0.8571, 0.8571, 0.8571, 0.8571, 0.8571,
        0.8571, 0.8571, 0.8333, 0.8333, 0.8333, 0.8333, 0.8333, 0.8333, 0.8333,
        0.8333, 0.8333, 0.8333, 0.8333, 0.8095, 0.8095, 0.8095, 0.8095, 0.8095,
        0.8095, 0.8095, 0.8095, 0.8095, 0.8095, 0.8095, 0.8095, 0.8095, 0.8095,
        0.8095, 0.7857, 0.7857, 0.7857, 0.7857, 0.7857, 0.7857, 0.7857, 0.7857,
        0.7857, 0.7857, 0.7857, 0.7619, 0.7619, 0.7619, 0.7381, 0.7381, 0.7381,
        0.7381, 0.7381, 0.7381, 0.7381, 0.7381, 0.7381, 0.7381, 0.7143, 0.7143,
        0.7143, 0.6905, 0.6905, 0.6905, 0.6905, 0.6905, 0.6905, 0.6905, 0.6667,
        0.6667, 0.6667, 0.6667, 0.6667, 0.6667, 0.6667, 0.6667, 0.6429, 0.6429,
        0.6429, 0.6429, 0.6429, 0.6190, 0.6190, 0.6190, 0.6190, 0.6190, 0.6190,
        0.6190, 0.6190, 0.6190, 0.6190, 0.5952, 0.5952, 0.5952, 0.5952, 0.5714,
        0.5714, 0.5714, 0.5714, 0.5714, 0.5714, 0.5714, 0.5476, 0.5238, 0.5238,
        0.5000, 0.4762, 0.4524, 0.4286, 0.4286, 0.4286, 0.4286, 0.4048, 0.3810,
        0.3810, 0.3810, 0.3810, 0.3810, 0.3810, 0.3810, 0.3810, 0.3810, 0.3810,
        0.3810, 0.3571, 0.3571, 0.3571, 0.3571, 0.3333, 0.3333, 0.3333, 0.3333,
        0.3095, 0.2857, 0.2857, 0.2857, 0.2857, 0.2619, 0.2381, 0.2381, 0.2381,
        0.2143, 0.2143, 0.2143, 0.1905, 0.1667, 0.1429, 0.1429, 0.1190, 0.0952,
        0.0714, 0.0476, 0.0476, 0.0238, 0.0000]), tensor([1.0000, 1.0000, 1.0000, 1.0000, 1.0000, 1.0000, 1.0000, 1.0000, 1.0000,
        1.0000, 1.0000, 1.0000, 1.0000, 1.0000, 1.0000, 1.0000, 0.9688, 0.9688,
        0.9688, 0.9688, 0.9688, 0.9688, 0.9688, 0.9688, 0.9688, 0.9688, 0.9688,
        0.9688, 0.9688, 0.9688, 0.9375, 0.9375, 0.9375, 0.9375, 0.9375, 0.9375,
        0.9375, 0.9375, 0.9375, 0.9375, 0.9375, 0.9375, 0.9375, 0.9375, 0.9375,
        0.9375, 0.9375, 0.9375, 0.9375, 0.9375, 0.9375, 0.9375, 0.9375, 0.9375,
        0.9375, 0.9375, 0.9375, 0.9375, 0.9375, 0.9375, 0.9375, 0.9375, 0.9375,
        0.9375, 0.9375, 0.9375, 0.9375, 0.9375, 0.9375, 0.9375, 0.9375, 0.9375,
        0.9062, 0.9062, 0.9062, 0.9062, 0.9062, 0.9062, 0.8750, 0.8750, 0.8750,
        0.8750, 0.8750, 0.8750, 0.8750, 0.8750, 0.8750, 0.8750, 0.8750, 0.8750,
        0.8750, 0.8750, 0.8750, 0.8750, 0.8750, 0.8438, 0.8438, 0.8438, 0.8438,
        0.8125, 0.8125, 0.8125, 0.8125, 0.8125, 0.7812, 0.7812, 0.7812, 0.7812,
        0.7812, 0.7812, 0.7500, 0.7500, 0.7500, 0.7500, 0.7500, 0.7500, 0.7500,
        0.7500, 0.7500, 0.7500, 0.7500, 0.7500, 0.7500, 0.7500, 0.7500, 0.7500,
        0.7500, 0.7500, 0.7500, 0.7188, 0.7188, 0.6875, 0.6875, 0.6562, 0.6562,
        0.6562, 0.6562, 0.6562, 0.6562, 0.6562, 0.6562, 0.6562, 0.6562, 0.6562,
        0.6562, 0.6562, 0.6562, 0.6562, 0.6562, 0.6562, 0.6562, 0.6562, 0.6562,
        0.6562, 0.6250, 0.6250, 0.6250, 0.6250, 0.6250, 0.5938, 0.5938, 0.5938,
        0.5938, 0.5625, 0.5312, 0.5000, 0.5000, 0.5000, 0.5000, 0.5000, 0.5000,
        0.4688, 0.4688, 0.4375, 0.4062, 0.3750, 0.3438, 0.3125, 0.2812, 0.2812,
        0.2812, 0.2812, 0.2812, 0.2500, 0.2500, 0.2500, 0.2500, 0.2500, 0.2500,
        0.2188, 0.2188, 0.2188, 0.1875, 0.1875, 0.1562, 0.1250, 0.1250, 0.1250,
        0.0938, 0.0625, 0.0625, 0.0312, 0.0000]), tensor([1.0000, 1.0000, 1.0000, 1.0000, 1.0000, 0.9867, 0.9733, 0.9733, 0.9733,
        0.9733, 0.9600, 0.9600, 0.9467, 0.9467, 0.9467, 0.9467, 0.9467, 0.9467,
        0.9467, 0.9467, 0.9467, 0.9467, 0.9333, 0.9333, 0.9200, 0.9200, 0.9200,
        0.9200, 0.9200, 0.9067, 0.8933, 0.8933, 0.8933, 0.8800, 0.8800, 0.8800,
        0.8800, 0.8667, 0.8533, 0.8533, 0.8533, 0.8533, 0.8533, 0.8533, 0.8533,
        0.8533, 0.8533, 0.8533, 0.8400, 0.8267, 0.8133, 0.8133, 0.8133, 0.8133,
        0.8133, 0.8000, 0.8000, 0.8000, 0.7867, 0.7867, 0.7867, 0.7867, 0.7867,
        0.7733, 0.7733, 0.7733, 0.7600, 0.7600, 0.7600, 0.7467, 0.7333, 0.7333,
        0.7333, 0.7333, 0.7200, 0.7200, 0.7200, 0.7200, 0.7067, 0.7067, 0.7067,
        0.7067, 0.7067, 0.7067, 0.7067, 0.6933, 0.6933, 0.6933, 0.6933, 0.6933,
        0.6933, 0.6933, 0.6933, 0.6800, 0.6800, 0.6800, 0.6800, 0.6800, 0.6667,
        0.6533, 0.6400, 0.6267, 0.6267, 0.6267, 0.6133, 0.6000, 0.6000, 0.6000,
        0.6000, 0.6000, 0.5867, 0.5867, 0.5867, 0.5867, 0.5733, 0.5600, 0.5467,
        0.5467, 0.5467, 0.5467, 0.5333, 0.5333, 0.5333, 0.5333, 0.5200, 0.5200,
        0.5200, 0.5200, 0.5200, 0.5067, 0.4933, 0.4933, 0.4933, 0.4800, 0.4667,
        0.4533, 0.4533, 0.4533, 0.4533, 0.4533, 0.4533, 0.4400, 0.4400, 0.4267,
        0.4267, 0.4133, 0.4133, 0.4000, 0.4000, 0.3867, 0.3867, 0.3733, 0.3600,
        0.3467, 0.3333, 0.3200, 0.3200, 0.3067, 0.2933, 0.2933, 0.2933, 0.2800,
        0.2800, 0.2667, 0.2533, 0.2400, 0.2400, 0.2400, 0.2400, 0.2267, 0.2267,
        0.2133, 0.2133, 0.2133, 0.2000, 0.1867, 0.1867, 0.1867, 0.1867, 0.1867,
        0.1733, 0.1600, 0.1600, 0.1600, 0.1467, 0.1333, 0.1200, 0.1067, 0.0933,
        0.0800, 0.0800, 0.0800, 0.0800, 0.0667, 0.0667, 0.0533, 0.0400, 0.0400,
        0.0267, 0.0267, 0.0133, 0.0000, 0.0000]), tensor([1.0000, 1.0000, 1.0000, 1.0000, 1.0000, 1.0000, 1.0000, 1.0000, 1.0000,
        0.9844, 0.9844, 0.9844, 0.9844, 0.9844, 0.9844, 0.9844, 0.9844, 0.9844,
        0.9844, 0.9844, 0.9844, 0.9844, 0.9844, 0.9844, 0.9844, 0.9844, 0.9688,
        0.9688, 0.9688, 0.9688, 0.9688, 0.9688, 0.9688, 0.9531, 0.9531, 0.9531,
        0.9531, 0.9531, 0.9531, 0.9531, 0.9531, 0.9531, 0.9531, 0.9531, 0.9531,
        0.9531, 0.9531, 0.9531, 0.9531, 0.9531, 0.9531, 0.9531, 0.9531, 0.9531,
        0.9531, 0.9531, 0.9531, 0.9531, 0.9531, 0.9531, 0.9531, 0.9531, 0.9531,
        0.9531, 0.9531, 0.9531, 0.9531, 0.9531, 0.9531, 0.9531, 0.9531, 0.9531,
        0.9531, 0.9531, 0.9531, 0.9531, 0.9531, 0.9531, 0.9531, 0.9531, 0.9531,
        0.9531, 0.9375, 0.9375, 0.9219, 0.9219, 0.9219, 0.9219, 0.9219, 0.9219,
        0.9062, 0.9062, 0.9062, 0.8906, 0.8906, 0.8750, 0.8750, 0.8750, 0.8594,
        0.8438, 0.8438, 0.8438, 0.8281, 0.8281, 0.8125, 0.8125, 0.8125, 0.8125,
        0.8125, 0.7969, 0.7812, 0.7812, 0.7656, 0.7656, 0.7656, 0.7500, 0.7500,
        0.7500, 0.7500, 0.7500, 0.7500, 0.7500, 0.7500, 0.7500, 0.7500, 0.7500,
        0.7500, 0.7500, 0.7344, 0.7344, 0.7344, 0.7188, 0.7031, 0.7031, 0.6875,
        0.6875, 0.6719, 0.6562, 0.6406, 0.6406, 0.6406, 0.6250, 0.6094, 0.6094,
        0.6094, 0.6094, 0.6094, 0.6094, 0.6094, 0.5938, 0.5938, 0.5938, 0.5781,
        0.5625, 0.5469, 0.5312, 0.5312, 0.5312, 0.5156, 0.5000, 0.4844, 0.4688,
        0.4531, 0.4531, 0.4375, 0.4219, 0.4219, 0.4219, 0.4219, 0.4062, 0.3906,
        0.3750, 0.3594, 0.3594, 0.3438, 0.3281, 0.3281, 0.3281, 0.3125, 0.2969,
        0.2812, 0.2656, 0.2500, 0.2344, 0.2344, 0.2188, 0.2188, 0.2031, 0.1875,
        0.1719, 0.1562, 0.1406, 0.1250, 0.1250, 0.1094, 0.0938, 0.0938, 0.0781,
        0.0625, 0.0469, 0.0312, 0.0156, 0.0000])], [tensor([0.0329, 0.0392, 0.0428, 0.0436, 0.0676, 0.0689, 0.0716, 0.0758, 0.0759,
        0.0827, 0.0846, 0.0863, 0.0888, 0.0915, 0.0921, 0.0944, 0.0980, 0.0994,
        0.1008, 0.1011, 0.1031, 0.1078, 0.1099, 0.1114, 0.1135, 0.1137, 0.1187,
        0.1246, 0.1263, 0.1279, 0.1286, 0.1303, 0.1321, 0.1326, 0.1349, 0.1383,
        0.1387, 0.1409, 0.1413, 0.1413, 0.1415, 0.1436, 0.1465, 0.1474, 0.1480,
        0.1481, 0.1523, 0.1535, 0.1559, 0.1579, 0.1599, 0.1610, 0.1617, 0.1618,
        0.1619, 0.1621, 0.1629, 0.1630, 0.1672, 0.1691, 0.1696, 0.1707, 0.1709,
        0.1731, 0.1742, 0.1762, 0.1778, 0.1798, 0.1840, 0.1853, 0.1875, 0.1879,
        0.1894, 0.1904, 0.1938, 0.1939, 0.1994, 0.2036, 0.2038, 0.2051, 0.2089,
        0.2095, 0.2155, 0.2159, 0.2182, 0.2198, 0.2209, 0.2319, 0.2323, 0.2343,
        0.2429, 0.2438, 0.2444, 0.2445, 0.2514, 0.2555, 0.2591, 0.2598, 0.2672,
        0.2686, 0.2707, 0.2723, 0.2731, 0.2756, 0.2772, 0.2791, 0.2810, 0.2817,
        0.2820, 0.2843, 0.2845, 0.2854, 0.2855, 0.2859, 0.2899, 0.2921, 0.2932,
        0.2934, 0.2943, 0.2945, 0.2957, 0.3001, 0.3009, 0.3020, 0.3078, 0.3123,
        0.3127, 0.3178, 0.3184, 0.3203, 0.3245, 0.3320, 0.3321, 0.3325, 0.3350,
        0.3359, 0.3364, 0.3422, 0.3501, 0.3553, 0.3664, 0.3678, 0.3700, 0.3707,
        0.3906, 0.3944, 0.3946, 0.3952, 0.3973, 0.3997, 0.4044, 0.4130, 0.4156,
        0.4212, 0.4226, 0.4270, 0.4294, 0.4452, 0.4527, 0.4529, 0.4561, 0.4617,
        0.4725, 0.4793, 0.4931, 0.4971, 0.4988, 0.5026, 0.5053, 0.5223, 0.5242,
        0.5358, 0.5419, 0.5441, 0.5501, 0.5631, 0.5655, 0.5659, 0.5844, 0.5923,
        0.5971, 0.6175, 0.6182, 0.6227, 0.6256, 0.6485, 0.6522, 0.6542, 0.6702,
        0.6750, 0.6854, 0.6951, 0.6999, 0.7057, 0.7116, 0.7281, 0.7407, 0.7419,
        0.7703, 0.7853, 0.7882, 0.7999]), tensor([0.2273, 0.2512, 0.2591, 0.3006, 0.3092, 0.3211, 0.3282, 0.3571, 0.3847,
        0.3933, 0.3951, 0.4080, 0.4086, 0.4152, 0.4355, 0.4464, 0.4532, 0.4534,
        0.4564, 0.4574, 0.4727, 0.4783, 0.4792, 0.4943, 0.4954, 0.4975, 0.4989,
        0.5019, 0.5079, 0.5086, 0.5088, 0.5096, 0.5132, 0.5224, 0.5236, 0.5250,
        0.5310, 0.5315, 0.5354, 0.5356, 0.5383, 0.5398, 0.5398, 0.5451, 0.5490,
        0.5506, 0.5571, 0.5641, 0.5647, 0.5710, 0.5728, 0.5730, 0.5743, 0.5745,
        0.5750, 0.5789, 0.5795, 0.5808, 0.5843, 0.5853, 0.5861, 0.5878, 0.5879,
        0.5880, 0.5916, 0.5925, 0.5934, 0.6022, 0.6075, 0.6108, 0.6120, 0.6129,
        0.6136, 0.6168, 0.6175, 0.6209, 0.6258, 0.6291, 0.6335, 0.6347, 0.6387,
        0.6410, 0.6449, 0.6458, 0.6465, 0.6469, 0.6496, 0.6515, 0.6572, 0.6605,
        0.6623, 0.6657, 0.6658, 0.6668, 0.6677, 0.6692, 0.6713, 0.6727, 0.6733,
        0.6746, 0.6772, 0.6794, 0.6812, 0.6842, 0.6857, 0.6879, 0.6889, 0.6917,
        0.6962, 0.6983, 0.7025, 0.7044, 0.7067, 0.7088, 0.7146, 0.7148, 0.7155,
        0.7180, 0.7185, 0.7213, 0.7241, 0.7257, 0.7339, 0.7344, 0.7354, 0.7383,
        0.7389, 0.7407, 0.7431, 0.7433, 0.7506, 0.7535, 0.7575, 0.7607, 0.7645,
        0.7683, 0.7686, 0.7711, 0.7745, 0.7752, 0.7793, 0.7796, 0.7796, 0.7821,
        0.7832, 0.7874, 0.7894, 0.7900, 0.7950, 0.7968, 0.7985, 0.7988, 0.8005,
        0.8010, 0.8030, 0.8048, 0.8062, 0.8085, 0.8154, 0.8162, 0.8184, 0.8251,
        0.8302, 0.8321, 0.8332, 0.8434, 0.8459, 0.8473, 0.8480, 0.8488, 0.8496,
        0.8527, 0.8536, 0.8537, 0.8554, 0.8571, 0.8572, 0.8585, 0.8600, 0.8677,
        0.8685, 0.8720, 0.8740, 0.8760, 0.8840, 0.8843, 0.8847, 0.8891, 0.8899,
        0.8911, 0.8938, 0.8975, 0.8990, 0.8991, 0.9065, 0.9153, 0.9227, 0.9240,
        0.9246, 0.9276, 0.9312, 0.9384]), tensor([0.0459, 0.0615, 0.0745, 0.0873, 0.0964, 0.0970, 0.0974, 0.1008, 0.1011,
        0.1023, 0.1034, 0.1058, 0.1081, 0.1084, 0.1089, 0.1116, 0.1171, 0.1177,
        0.1182, 0.1189, 0.1190, 0.1190, 0.1208, 0.1225, 0.1228, 0.1249, 0.1249,
        0.1256, 0.1267, 0.1311, 0.1332, 0.1389, 0.1398, 0.1415, 0.1415, 0.1451,
        0.1465, 0.1469, 0.1501, 0.1508, 0.1508, 0.1512, 0.1518, 0.1539, 0.1575,
        0.1587, 0.1587, 0.1594, 0.1628, 0.1636, 0.1639, 0.1639, 0.1665, 0.1680,
        0.1681, 0.1691, 0.1699, 0.1707, 0.1726, 0.1738, 0.1750, 0.1751, 0.1758,
        0.1763, 0.1764, 0.1771, 0.1823, 0.1844, 0.1864, 0.1873, 0.1921, 0.1934,
        0.1947, 0.1949, 0.1958, 0.2045, 0.2063, 0.2080, 0.2087, 0.2095, 0.2104,
        0.2165, 0.2173, 0.2173, 0.2189, 0.2201, 0.2220, 0.2236, 0.2246, 0.2252,
        0.2262, 0.2335, 0.2342, 0.2359, 0.2386, 0.2391, 0.2471, 0.2480, 0.2502,
        0.2509, 0.2569, 0.2582, 0.2587, 0.2589, 0.2697, 0.2738, 0.2756, 0.2834,
        0.2850, 0.2867, 0.2900, 0.2901, 0.2911, 0.2934, 0.3006, 0.3010, 0.3020,
        0.3022, 0.3023, 0.3032, 0.3034, 0.3057, 0.3071, 0.3078, 0.3101, 0.3114,
        0.3122, 0.3176, 0.3198, 0.3226, 0.3228, 0.3246, 0.3252, 0.3291, 0.3324,
        0.3352, 0.3358, 0.3375, 0.3388, 0.3421, 0.3443, 0.3454, 0.3462, 0.3469,
        0.3474, 0.3485, 0.3495, 0.3571, 0.3575, 0.3634, 0.3646, 0.3651, 0.3711,
        0.3720, 0.3727, 0.3770, 0.3770, 0.3833, 0.3869, 0.3931, 0.4007, 0.4016,
        0.4047, 0.4111, 0.4191, 0.4224, 0.4224, 0.4309, 0.4337, 0.4345, 0.4511,
        0.4651, 0.4915, 0.4970, 0.5003, 0.5007, 0.5079, 0.5090, 0.5179, 0.5228,
        0.5233, 0.5270, 0.5295, 0.5357, 0.5477, 0.5485, 0.5524, 0.5644, 0.5841,
        0.5847, 0.5890, 0.5915, 0.6138, 0.6205, 0.6220, 0.6419, 0.6465, 0.6530,
        0.6690, 0.6788, 0.7328, 0.7591]), tensor([0.1077, 0.1962, 0.2535, 0.2550, 0.2560, 0.2624, 0.2824, 0.2951, 0.2989,
        0.3205, 0.3661, 0.3682, 0.3867, 0.3937, 0.4018, 0.4132, 0.4201, 0.4374,
        0.4615, 0.4621, 0.4661, 0.4764, 0.4769, 0.4781, 0.4815, 0.4866, 0.4921,
        0.5051, 0.5054, 0.5221, 0.5309, 0.5355, 0.5408, 0.5524, 0.5539, 0.5677,
        0.5718, 0.5721, 0.5778, 0.5858, 0.5884, 0.5884, 0.5897, 0.5942, 0.6091,
        0.6113, 0.6168, 0.6221, 0.6222, 0.6273, 0.6301, 0.6312, 0.6321, 0.6322,
        0.6406, 0.6453, 0.6455, 0.6473, 0.6498, 0.6528, 0.6538, 0.6560, 0.6565,
        0.6577, 0.6582, 0.6607, 0.6685, 0.6690, 0.6705, 0.6712, 0.6767, 0.6780,
        0.6782, 0.6837, 0.6838, 0.6842, 0.6857, 0.6864, 0.6883, 0.6912, 0.6941,
        0.6985, 0.6991, 0.7002, 0.7040, 0.7054, 0.7091, 0.7134, 0.7181, 0.7291,
        0.7299, 0.7317, 0.7330, 0.7366, 0.7389, 0.7394, 0.7410, 0.7477, 0.7494,
        0.7494, 0.7531, 0.7533, 0.7550, 0.7550, 0.7565, 0.7588, 0.7621, 0.7671,
        0.7672, 0.7673, 0.7691, 0.7693, 0.7698, 0.7699, 0.7706, 0.7717, 0.7731,
        0.7734, 0.7746, 0.7781, 0.7824, 0.7831, 0.7924, 0.7946, 0.7958, 0.7963,
        0.7969, 0.7987, 0.7995, 0.7999, 0.8012, 0.8035, 0.8045, 0.8067, 0.8072,
        0.8077, 0.8090, 0.8095, 0.8122, 0.8126, 0.8136, 0.8204, 0.8215, 0.8215,
        0.8224, 0.8247, 0.8248, 0.8279, 0.8320, 0.8320, 0.8323, 0.8326, 0.8339,
        0.8413, 0.8428, 0.8516, 0.8522, 0.8542, 0.8570, 0.8579, 0.8642, 0.8682,
        0.8719, 0.8741, 0.8746, 0.8752, 0.8869, 0.8914, 0.8933, 0.8936, 0.8965,
        0.8988, 0.9002, 0.9016, 0.9023, 0.9056, 0.9080, 0.9109, 0.9117, 0.9162,
        0.9162, 0.9175, 0.9177, 0.9197, 0.9201, 0.9237, 0.9258, 0.9277, 0.9349,
        0.9351, 0.9376, 0.9410, 0.9460, 0.9473, 0.9474, 0.9515, 0.9521, 0.9551,
        0.9584, 0.9681, 0.9699, 0.9751]), tensor([0.0629, 0.0649, 0.0706, 0.0710, 0.0722, 0.0754, 0.0835, 0.0928, 0.0949,
        0.0993, 0.1037, 0.1106, 0.1117, 0.1140, 0.1145, 0.1162, 0.1165, 0.1184,
        0.1196, 0.1204, 0.1218, 0.1278, 0.1323, 0.1363, 0.1363, 0.1375, 0.1472,
        0.1493, 0.1507, 0.1513, 0.1523, 0.1525, 0.1544, 0.1545, 0.1590, 0.1639,
        0.1650, 0.1656, 0.1737, 0.1749, 0.1766, 0.1780, 0.1797, 0.1801, 0.1832,
        0.1832, 0.1855, 0.1928, 0.1932, 0.1940, 0.1963, 0.2100, 0.2104, 0.2114,
        0.2145, 0.2146, 0.2167, 0.2197, 0.2216, 0.2238, 0.2284, 0.2366, 0.2410,
        0.2414, 0.2454, 0.2468, 0.2517, 0.2530, 0.2533, 0.2584, 0.2606, 0.2620,
        0.2621, 0.2642, 0.2667, 0.2698, 0.2830, 0.2833, 0.2947, 0.2982, 0.2984,
        0.2992, 0.3015, 0.3037, 0.3069, 0.3092, 0.3096, 0.3114, 0.3119, 0.3166,
        0.3200, 0.3253, 0.3279, 0.3280, 0.3371, 0.3401, 0.3403, 0.3413, 0.3427,
        0.3443, 0.3454, 0.3532, 0.3629, 0.3642, 0.3725, 0.3772, 0.3773, 0.3806,
        0.3876, 0.3882, 0.3915, 0.3917, 0.4052, 0.4060, 0.4076, 0.4105, 0.4116,
        0.4149, 0.4190, 0.4211, 0.4232, 0.4259, 0.4318, 0.4342, 0.4362, 0.4494,
        0.4494, 0.4541, 0.4706, 0.4744, 0.4762, 0.4778, 0.4817, 0.4873, 0.4883,
        0.4899, 0.4934, 0.4999, 0.5029, 0.5160, 0.5239, 0.5316, 0.5323, 0.5331,
        0.5360, 0.5399, 0.5425, 0.5698, 0.5716, 0.5737, 0.5792, 0.5825, 0.5922,
        0.5950, 0.5977, 0.5984, 0.5988, 0.6206, 0.6281, 0.6300, 0.6317, 0.6367,
        0.6444, 0.6561, 0.6634, 0.6673, 0.6686, 0.6706, 0.6710, 0.6786, 0.6823,
        0.6847, 0.6948, 0.6996, 0.7023, 0.7068, 0.7110, 0.7179, 0.7222, 0.7248,
        0.7312, 0.7345, 0.7384, 0.7407, 0.7537, 0.7600, 0.7605, 0.7647, 0.7674,
        0.7701, 0.7765, 0.7855, 0.7931, 0.8243, 0.8297, 0.8417, 0.8516, 0.8788,
        0.9004, 0.9221, 0.9337, 0.9634])])",0.2405551522970199
three_stage_model_pretrained,,,,,,,,,,,,,,0.7692307829856873,0.675000011920929,0.3970588147640228,0.7680722891566265,"tensor([0.3020], device='cuda:0')","tensor([[153.,  13.],
        [ 41.,  27.]])",0.28205129504203796,0.20000000298023224,0.9111111164093018,0.7088771310993534,"tensor([0.1197], device='cuda:0')","tensor([[ 25., 164.],
        [  4.,  41.]])",0.8418803215026855,0.4375,0.42424243688583374,0.7863711744308759,"tensor([0.2019], device='cuda:0')","tensor([[183.,  18.],
        [ 19.,  14.]])",0.43589743971824646,0.3700000047683716,0.925000011920929,0.6589285714285714,"tensor([0.2320], device='cuda:0')","tensor([[ 28., 126.],
        [  6.,  74.]])",0.7948718070983887,0.641791045665741,0.641791045665741,0.8521762445258736,"tensor([0.3916], device='cuda:0')","tensor([[143.,  24.],
        [ 24.,  43.]])",0.05128205195069313,0.5451669096946716,"([tensor([0.2906, 0.2918, 0.2931, 0.2944, 0.2957, 0.2969, 0.2982, 0.2996, 0.3009,
        0.3022, 0.3036, 0.3004, 0.3018, 0.3032, 0.3045, 0.3059, 0.3073, 0.3041,
        0.3056, 0.3070, 0.3037, 0.3005, 0.3019, 0.3033, 0.3048, 0.3062, 0.3077,
        0.3092, 0.3107, 0.3122, 0.3137, 0.3153, 0.3119, 0.3134, 0.3150, 0.3166,
        0.3182, 0.3198, 0.3214, 0.3179, 0.3196, 0.3212, 0.3229, 0.3246, 0.3263,
        0.3280, 0.3298, 0.3316, 0.3333, 0.3351, 0.3370, 0.3388, 0.3407, 0.3425,
        0.3444, 0.3464, 0.3483, 0.3503, 0.3466, 0.3486, 0.3506, 0.3526, 0.3547,
        0.3567, 0.3588, 0.3609, 0.3631, 0.3653, 0.3675, 0.3697, 0.3720, 0.3742,
        0.3765, 0.3789, 0.3812, 0.3836, 0.3861, 0.3822, 0.3846, 0.3871, 0.3896,
        0.3922, 0.3947, 0.3974, 0.4000, 0.3960, 0.3986, 0.4014, 0.3973, 0.4000,
        0.4028, 0.3986, 0.4014, 0.4043, 0.4071, 0.4101, 0.4130, 0.4161, 0.4191,
        0.4222, 0.4254, 0.4286, 0.4318, 0.4351, 0.4385, 0.4419, 0.4453, 0.4488,
        0.4524, 0.4560, 0.4597, 0.4634, 0.4672, 0.4628, 0.4667, 0.4706, 0.4746,
        0.4701, 0.4655, 0.4696, 0.4737, 0.4690, 0.4643, 0.4685, 0.4727, 0.4771,
        0.4815, 0.4860, 0.4906, 0.4952, 0.4904, 0.4951, 0.4902, 0.4950, 0.5000,
        0.5051, 0.5102, 0.5155, 0.5104, 0.5053, 0.5106, 0.5161, 0.5109, 0.5055,
        0.5111, 0.5056, 0.5114, 0.5057, 0.5000, 0.5059, 0.5119, 0.5181, 0.5122,
        0.5185, 0.5250, 0.5316, 0.5385, 0.5325, 0.5263, 0.5333, 0.5405, 0.5479,
        0.5556, 0.5634, 0.5571, 0.5652, 0.5588, 0.5672, 0.5606, 0.5692, 0.5781,
        0.5714, 0.5806, 0.5902, 0.5833, 0.5932, 0.5862, 0.5965, 0.6071, 0.6182,
        0.6296, 0.6415, 0.6346, 0.6471, 0.6600, 0.6735, 0.6667, 0.6596, 0.6739,
        0.6667, 0.6591, 0.6744, 0.6667, 0.6585, 0.6750, 0.6923, 0.6842, 0.6757,
        0.6667, 0.6857, 0.6765, 0.6667, 0.6875, 0.6774, 0.7000, 0.6897, 0.7143,
        0.7037, 0.6923, 0.7200, 0.7500, 0.7391, 0.7727, 0.8095, 0.8000, 0.7895,
        0.7778, 0.7647, 0.7500, 0.7333, 0.7143, 0.6923, 0.6667, 0.6364, 0.7000,
        0.6667, 0.6250, 0.5714, 0.6667, 0.6000, 0.7500, 1.0000, 1.0000, 1.0000,
        1.0000]), tensor([0.1923, 0.1931, 0.1940, 0.1948, 0.1957, 0.1965, 0.1974, 0.1982, 0.1991,
        0.2000, 0.1964, 0.1973, 0.1982, 0.1991, 0.2000, 0.1963, 0.1972, 0.1982,
        0.1991, 0.2000, 0.2009, 0.2019, 0.2028, 0.2038, 0.2048, 0.2057, 0.2019,
        0.2029, 0.1990, 0.2000, 0.2010, 0.2020, 0.2030, 0.1990, 0.2000, 0.1960,
        0.1970, 0.1980, 0.1990, 0.2000, 0.2010, 0.2021, 0.2031, 0.2042, 0.2053,
        0.2063, 0.2074, 0.2086, 0.2097, 0.2108, 0.2120, 0.2131, 0.2143, 0.2155,
        0.2167, 0.2179, 0.2191, 0.2203, 0.2216, 0.2229, 0.2184, 0.2197, 0.2209,
        0.2222, 0.2235, 0.2249, 0.2262, 0.2275, 0.2289, 0.2303, 0.2317, 0.2331,
        0.2284, 0.2298, 0.2313, 0.2327, 0.2342, 0.2357, 0.2372, 0.2387, 0.2403,
        0.2418, 0.2434, 0.2384, 0.2400, 0.2416, 0.2432, 0.2449, 0.2466, 0.2483,
        0.2500, 0.2517, 0.2465, 0.2482, 0.2500, 0.2518, 0.2536, 0.2555, 0.2574,
        0.2593, 0.2612, 0.2632, 0.2652, 0.2672, 0.2692, 0.2636, 0.2656, 0.2677,
        0.2619, 0.2640, 0.2661, 0.2683, 0.2705, 0.2727, 0.2750, 0.2773, 0.2797,
        0.2821, 0.2845, 0.2783, 0.2807, 0.2832, 0.2857, 0.2883, 0.2818, 0.2844,
        0.2870, 0.2897, 0.2925, 0.2952, 0.2981, 0.3010, 0.3039, 0.3069, 0.3100,
        0.3131, 0.3061, 0.3093, 0.3125, 0.3158, 0.3191, 0.3226, 0.3261, 0.3297,
        0.3222, 0.3258, 0.3295, 0.3333, 0.3372, 0.3294, 0.3333, 0.3373, 0.3415,
        0.3457, 0.3500, 0.3544, 0.3590, 0.3636, 0.3684, 0.3733, 0.3784, 0.3836,
        0.3889, 0.3803, 0.3857, 0.3913, 0.3971, 0.4030, 0.3939, 0.4000, 0.4062,
        0.3968, 0.4032, 0.4098, 0.4167, 0.4237, 0.4310, 0.4211, 0.4107, 0.4182,
        0.4074, 0.3962, 0.3846, 0.3725, 0.3800, 0.3878, 0.3958, 0.4043, 0.3913,
        0.3778, 0.3864, 0.3953, 0.4048, 0.4146, 0.4250, 0.4359, 0.4474, 0.4595,
        0.4722, 0.4857, 0.5000, 0.5152, 0.5000, 0.5161, 0.5333, 0.5517, 0.5357,
        0.5556, 0.5769, 0.6000, 0.5833, 0.5652, 0.5909, 0.6190, 0.6500, 0.6842,
        0.6667, 0.6471, 0.6875, 0.7333, 0.7143, 0.7692, 0.8333, 0.8182, 0.8000,
        0.7778, 0.7500, 0.8571, 0.8333, 0.8000, 0.7500, 0.6667, 1.0000, 1.0000,
        1.0000]), tensor([0.1410, 0.1416, 0.1422, 0.1429, 0.1435, 0.1441, 0.1447, 0.1454, 0.1460,
        0.1467, 0.1473, 0.1480, 0.1486, 0.1493, 0.1500, 0.1507, 0.1514, 0.1521,
        0.1481, 0.1488, 0.1495, 0.1502, 0.1509, 0.1517, 0.1524, 0.1531, 0.1538,
        0.1546, 0.1553, 0.1561, 0.1569, 0.1576, 0.1535, 0.1542, 0.1550, 0.1558,
        0.1566, 0.1574, 0.1582, 0.1590, 0.1598, 0.1606, 0.1615, 0.1623, 0.1632,
        0.1640, 0.1649, 0.1658, 0.1667, 0.1676, 0.1685, 0.1694, 0.1703, 0.1713,
        0.1722, 0.1732, 0.1742, 0.1751, 0.1761, 0.1771, 0.1782, 0.1792, 0.1802,
        0.1813, 0.1824, 0.1834, 0.1845, 0.1856, 0.1867, 0.1879, 0.1890, 0.1902,
        0.1914, 0.1925, 0.1937, 0.1950, 0.1962, 0.1975, 0.1987, 0.2000, 0.2013,
        0.2026, 0.2039, 0.1987, 0.2000, 0.2013, 0.2027, 0.2041, 0.2055, 0.2069,
        0.2014, 0.2028, 0.2042, 0.2057, 0.2071, 0.2086, 0.2101, 0.2117, 0.2132,
        0.2148, 0.2164, 0.2180, 0.2197, 0.2214, 0.2231, 0.2248, 0.2266, 0.2283,
        0.2302, 0.2320, 0.2258, 0.2276, 0.2295, 0.2314, 0.2333, 0.2353, 0.2373,
        0.2393, 0.2328, 0.2348, 0.2368, 0.2389, 0.2411, 0.2342, 0.2364, 0.2385,
        0.2407, 0.2430, 0.2453, 0.2476, 0.2404, 0.2427, 0.2451, 0.2475, 0.2500,
        0.2525, 0.2551, 0.2577, 0.2604, 0.2632, 0.2660, 0.2688, 0.2717, 0.2747,
        0.2778, 0.2809, 0.2841, 0.2874, 0.2907, 0.2941, 0.2976, 0.3012, 0.3049,
        0.2963, 0.3000, 0.3038, 0.2949, 0.2987, 0.2895, 0.2933, 0.2973, 0.3014,
        0.3056, 0.3099, 0.3143, 0.3188, 0.3235, 0.3284, 0.3333, 0.3385, 0.3438,
        0.3492, 0.3548, 0.3607, 0.3667, 0.3729, 0.3793, 0.3860, 0.3929, 0.4000,
        0.3889, 0.3962, 0.4038, 0.4118, 0.4200, 0.4082, 0.4167, 0.4255, 0.4348,
        0.4222, 0.4091, 0.3953, 0.4048, 0.4146, 0.4250, 0.4359, 0.4474, 0.4595,
        0.4444, 0.4571, 0.4706, 0.4545, 0.4375, 0.4194, 0.4000, 0.3793, 0.3571,
        0.3704, 0.3846, 0.4000, 0.4167, 0.4348, 0.4545, 0.4286, 0.4000, 0.4211,
        0.4444, 0.4706, 0.5000, 0.5333, 0.5000, 0.5385, 0.5833, 0.6364, 0.6000,
        0.6667, 0.6250, 0.5714, 0.6667, 0.8000, 0.7500, 0.6667, 1.0000, 1.0000,
        1.0000]), tensor([0.3419, 0.3433, 0.3448, 0.3463, 0.3478, 0.3450, 0.3421, 0.3436, 0.3451,
        0.3467, 0.3482, 0.3453, 0.3468, 0.3484, 0.3455, 0.3470, 0.3486, 0.3502,
        0.3519, 0.3535, 0.3551, 0.3568, 0.3585, 0.3602, 0.3619, 0.3636, 0.3654,
        0.3623, 0.3641, 0.3610, 0.3627, 0.3645, 0.3663, 0.3682, 0.3700, 0.3719,
        0.3687, 0.3706, 0.3673, 0.3692, 0.3711, 0.3731, 0.3750, 0.3717, 0.3737,
        0.3757, 0.3777, 0.3797, 0.3763, 0.3730, 0.3750, 0.3770, 0.3791, 0.3812,
        0.3833, 0.3855, 0.3876, 0.3898, 0.3920, 0.3943, 0.3966, 0.3988, 0.4012,
        0.3977, 0.3941, 0.3905, 0.3929, 0.3952, 0.3976, 0.4000, 0.3963, 0.3988,
        0.4012, 0.4037, 0.4000, 0.3962, 0.3987, 0.4013, 0.4038, 0.4065, 0.4026,
        0.4052, 0.4079, 0.4106, 0.4067, 0.4094, 0.4122, 0.4082, 0.4110, 0.4138,
        0.4097, 0.4056, 0.4085, 0.4113, 0.4143, 0.4173, 0.4130, 0.4161, 0.4191,
        0.4222, 0.4179, 0.4211, 0.4242, 0.4275, 0.4308, 0.4341, 0.4375, 0.4409,
        0.4444, 0.4400, 0.4435, 0.4472, 0.4508, 0.4545, 0.4583, 0.4622, 0.4661,
        0.4701, 0.4655, 0.4609, 0.4649, 0.4690, 0.4732, 0.4775, 0.4727, 0.4679,
        0.4630, 0.4579, 0.4623, 0.4667, 0.4615, 0.4563, 0.4608, 0.4653, 0.4700,
        0.4747, 0.4694, 0.4742, 0.4792, 0.4842, 0.4787, 0.4731, 0.4674, 0.4725,
        0.4778, 0.4831, 0.4886, 0.4828, 0.4884, 0.4941, 0.4881, 0.4940, 0.5000,
        0.5062, 0.5000, 0.5063, 0.5128, 0.5195, 0.5263, 0.5200, 0.5135, 0.5205,
        0.5278, 0.5211, 0.5143, 0.5072, 0.5147, 0.5224, 0.5303, 0.5385, 0.5469,
        0.5397, 0.5484, 0.5410, 0.5500, 0.5424, 0.5517, 0.5439, 0.5536, 0.5455,
        0.5556, 0.5472, 0.5385, 0.5294, 0.5200, 0.5102, 0.5208, 0.5106, 0.5000,
        0.5111, 0.5227, 0.5349, 0.5238, 0.5366, 0.5250, 0.5128, 0.5000, 0.5135,
        0.5278, 0.5429, 0.5294, 0.5455, 0.5312, 0.5484, 0.5667, 0.5517, 0.5357,
        0.5556, 0.5769, 0.6000, 0.6250, 0.6087, 0.5909, 0.6190, 0.6500, 0.6316,
        0.6111, 0.5882, 0.5625, 0.5333, 0.5000, 0.5385, 0.5833, 0.6364, 0.6000,
        0.6667, 0.6250, 0.5714, 0.5000, 0.6000, 0.5000, 0.6667, 0.5000, 0.0000,
        1.0000]), tensor([0.2863, 0.2876, 0.2888, 0.2900, 0.2913, 0.2926, 0.2939, 0.2952, 0.2965,
        0.2978, 0.2991, 0.2960, 0.2973, 0.2986, 0.3000, 0.3014, 0.3028, 0.3041,
        0.3056, 0.3070, 0.3084, 0.3099, 0.3113, 0.3128, 0.3143, 0.3158, 0.3173,
        0.3188, 0.3204, 0.3220, 0.3186, 0.3202, 0.3218, 0.3234, 0.3250, 0.3266,
        0.3283, 0.3299, 0.3316, 0.3282, 0.3299, 0.3316, 0.3333, 0.3351, 0.3368,
        0.3386, 0.3404, 0.3422, 0.3441, 0.3459, 0.3478, 0.3497, 0.3516, 0.3536,
        0.3556, 0.3575, 0.3596, 0.3616, 0.3636, 0.3657, 0.3678, 0.3699, 0.3721,
        0.3743, 0.3765, 0.3787, 0.3810, 0.3832, 0.3855, 0.3879, 0.3902, 0.3926,
        0.3951, 0.3975, 0.4000, 0.4025, 0.4051, 0.4076, 0.4103, 0.4129, 0.4156,
        0.4183, 0.4211, 0.4238, 0.4267, 0.4295, 0.4324, 0.4354, 0.4384, 0.4414,
        0.4444, 0.4476, 0.4507, 0.4539, 0.4571, 0.4604, 0.4638, 0.4672, 0.4706,
        0.4667, 0.4701, 0.4737, 0.4773, 0.4809, 0.4846, 0.4884, 0.4922, 0.4882,
        0.4921, 0.4880, 0.4919, 0.4959, 0.5000, 0.5041, 0.5083, 0.5126, 0.5085,
        0.5128, 0.5172, 0.5130, 0.5175, 0.5133, 0.5179, 0.5225, 0.5182, 0.5138,
        0.5185, 0.5234, 0.5189, 0.5238, 0.5288, 0.5243, 0.5294, 0.5347, 0.5400,
        0.5455, 0.5408, 0.5361, 0.5417, 0.5368, 0.5426, 0.5484, 0.5435, 0.5495,
        0.5556, 0.5618, 0.5682, 0.5747, 0.5814, 0.5882, 0.5952, 0.6024, 0.6098,
        0.6173, 0.6250, 0.6329, 0.6282, 0.6364, 0.6447, 0.6400, 0.6351, 0.6438,
        0.6528, 0.6479, 0.6571, 0.6522, 0.6471, 0.6418, 0.6515, 0.6615, 0.6562,
        0.6508, 0.6613, 0.6721, 0.6833, 0.6949, 0.6897, 0.7018, 0.7143, 0.7091,
        0.7222, 0.7358, 0.7308, 0.7255, 0.7200, 0.7143, 0.7292, 0.7447, 0.7391,
        0.7333, 0.7273, 0.7209, 0.7143, 0.7317, 0.7500, 0.7436, 0.7368, 0.7568,
        0.7778, 0.8000, 0.7941, 0.7879, 0.7812, 0.7742, 0.8000, 0.7931, 0.7857,
        0.8148, 0.8462, 0.8400, 0.8333, 0.8261, 0.8182, 0.8095, 0.8000, 0.8421,
        0.8333, 0.8824, 0.8750, 0.8667, 0.8571, 0.8462, 0.8333, 0.8182, 0.9000,
        0.8889, 0.8750, 1.0000, 1.0000, 1.0000, 1.0000, 1.0000, 1.0000, 1.0000,
        1.0000])], [tensor([1.0000, 1.0000, 1.0000, 1.0000, 1.0000, 1.0000, 1.0000, 1.0000, 1.0000,
        1.0000, 1.0000, 0.9853, 0.9853, 0.9853, 0.9853, 0.9853, 0.9853, 0.9706,
        0.9706, 0.9706, 0.9559, 0.9412, 0.9412, 0.9412, 0.9412, 0.9412, 0.9412,
        0.9412, 0.9412, 0.9412, 0.9412, 0.9412, 0.9265, 0.9265, 0.9265, 0.9265,
        0.9265, 0.9265, 0.9265, 0.9118, 0.9118, 0.9118, 0.9118, 0.9118, 0.9118,
        0.9118, 0.9118, 0.9118, 0.9118, 0.9118, 0.9118, 0.9118, 0.9118, 0.9118,
        0.9118, 0.9118, 0.9118, 0.9118, 0.8971, 0.8971, 0.8971, 0.8971, 0.8971,
        0.8971, 0.8971, 0.8971, 0.8971, 0.8971, 0.8971, 0.8971, 0.8971, 0.8971,
        0.8971, 0.8971, 0.8971, 0.8971, 0.8971, 0.8824, 0.8824, 0.8824, 0.8824,
        0.8824, 0.8824, 0.8824, 0.8824, 0.8676, 0.8676, 0.8676, 0.8529, 0.8529,
        0.8529, 0.8382, 0.8382, 0.8382, 0.8382, 0.8382, 0.8382, 0.8382, 0.8382,
        0.8382, 0.8382, 0.8382, 0.8382, 0.8382, 0.8382, 0.8382, 0.8382, 0.8382,
        0.8382, 0.8382, 0.8382, 0.8382, 0.8382, 0.8235, 0.8235, 0.8235, 0.8235,
        0.8088, 0.7941, 0.7941, 0.7941, 0.7794, 0.7647, 0.7647, 0.7647, 0.7647,
        0.7647, 0.7647, 0.7647, 0.7647, 0.7500, 0.7500, 0.7353, 0.7353, 0.7353,
        0.7353, 0.7353, 0.7353, 0.7206, 0.7059, 0.7059, 0.7059, 0.6912, 0.6765,
        0.6765, 0.6618, 0.6618, 0.6471, 0.6324, 0.6324, 0.6324, 0.6324, 0.6176,
        0.6176, 0.6176, 0.6176, 0.6176, 0.6029, 0.5882, 0.5882, 0.5882, 0.5882,
        0.5882, 0.5882, 0.5735, 0.5735, 0.5588, 0.5588, 0.5441, 0.5441, 0.5441,
        0.5294, 0.5294, 0.5294, 0.5147, 0.5147, 0.5000, 0.5000, 0.5000, 0.5000,
        0.5000, 0.5000, 0.4853, 0.4853, 0.4853, 0.4853, 0.4706, 0.4559, 0.4559,
        0.4412, 0.4265, 0.4265, 0.4118, 0.3971, 0.3971, 0.3971, 0.3824, 0.3676,
        0.3529, 0.3529, 0.3382, 0.3235, 0.3235, 0.3088, 0.3088, 0.2941, 0.2941,
        0.2794, 0.2647, 0.2647, 0.2647, 0.2500, 0.2500, 0.2500, 0.2353, 0.2206,
        0.2059, 0.1912, 0.1765, 0.1618, 0.1471, 0.1324, 0.1176, 0.1029, 0.1029,
        0.0882, 0.0735, 0.0588, 0.0588, 0.0441, 0.0441, 0.0441, 0.0294, 0.0147,
        0.0000]), tensor([1.0000, 1.0000, 1.0000, 1.0000, 1.0000, 1.0000, 1.0000, 1.0000, 1.0000,
        1.0000, 0.9778, 0.9778, 0.9778, 0.9778, 0.9778, 0.9556, 0.9556, 0.9556,
        0.9556, 0.9556, 0.9556, 0.9556, 0.9556, 0.9556, 0.9556, 0.9556, 0.9333,
        0.9333, 0.9111, 0.9111, 0.9111, 0.9111, 0.9111, 0.8889, 0.8889, 0.8667,
        0.8667, 0.8667, 0.8667, 0.8667, 0.8667, 0.8667, 0.8667, 0.8667, 0.8667,
        0.8667, 0.8667, 0.8667, 0.8667, 0.8667, 0.8667, 0.8667, 0.8667, 0.8667,
        0.8667, 0.8667, 0.8667, 0.8667, 0.8667, 0.8667, 0.8444, 0.8444, 0.8444,
        0.8444, 0.8444, 0.8444, 0.8444, 0.8444, 0.8444, 0.8444, 0.8444, 0.8444,
        0.8222, 0.8222, 0.8222, 0.8222, 0.8222, 0.8222, 0.8222, 0.8222, 0.8222,
        0.8222, 0.8222, 0.8000, 0.8000, 0.8000, 0.8000, 0.8000, 0.8000, 0.8000,
        0.8000, 0.8000, 0.7778, 0.7778, 0.7778, 0.7778, 0.7778, 0.7778, 0.7778,
        0.7778, 0.7778, 0.7778, 0.7778, 0.7778, 0.7778, 0.7556, 0.7556, 0.7556,
        0.7333, 0.7333, 0.7333, 0.7333, 0.7333, 0.7333, 0.7333, 0.7333, 0.7333,
        0.7333, 0.7333, 0.7111, 0.7111, 0.7111, 0.7111, 0.7111, 0.6889, 0.6889,
        0.6889, 0.6889, 0.6889, 0.6889, 0.6889, 0.6889, 0.6889, 0.6889, 0.6889,
        0.6889, 0.6667, 0.6667, 0.6667, 0.6667, 0.6667, 0.6667, 0.6667, 0.6667,
        0.6444, 0.6444, 0.6444, 0.6444, 0.6444, 0.6222, 0.6222, 0.6222, 0.6222,
        0.6222, 0.6222, 0.6222, 0.6222, 0.6222, 0.6222, 0.6222, 0.6222, 0.6222,
        0.6222, 0.6000, 0.6000, 0.6000, 0.6000, 0.6000, 0.5778, 0.5778, 0.5778,
        0.5556, 0.5556, 0.5556, 0.5556, 0.5556, 0.5556, 0.5333, 0.5111, 0.5111,
        0.4889, 0.4667, 0.4444, 0.4222, 0.4222, 0.4222, 0.4222, 0.4222, 0.4000,
        0.3778, 0.3778, 0.3778, 0.3778, 0.3778, 0.3778, 0.3778, 0.3778, 0.3778,
        0.3778, 0.3778, 0.3778, 0.3778, 0.3556, 0.3556, 0.3556, 0.3556, 0.3333,
        0.3333, 0.3333, 0.3333, 0.3111, 0.2889, 0.2889, 0.2889, 0.2889, 0.2889,
        0.2667, 0.2444, 0.2444, 0.2444, 0.2222, 0.2222, 0.2222, 0.2000, 0.1778,
        0.1556, 0.1333, 0.1333, 0.1111, 0.0889, 0.0667, 0.0444, 0.0444, 0.0222,
        0.0000]), tensor([1.0000, 1.0000, 1.0000, 1.0000, 1.0000, 1.0000, 1.0000, 1.0000, 1.0000,
        1.0000, 1.0000, 1.0000, 1.0000, 1.0000, 1.0000, 1.0000, 1.0000, 1.0000,
        0.9697, 0.9697, 0.9697, 0.9697, 0.9697, 0.9697, 0.9697, 0.9697, 0.9697,
        0.9697, 0.9697, 0.9697, 0.9697, 0.9697, 0.9394, 0.9394, 0.9394, 0.9394,
        0.9394, 0.9394, 0.9394, 0.9394, 0.9394, 0.9394, 0.9394, 0.9394, 0.9394,
        0.9394, 0.9394, 0.9394, 0.9394, 0.9394, 0.9394, 0.9394, 0.9394, 0.9394,
        0.9394, 0.9394, 0.9394, 0.9394, 0.9394, 0.9394, 0.9394, 0.9394, 0.9394,
        0.9394, 0.9394, 0.9394, 0.9394, 0.9394, 0.9394, 0.9394, 0.9394, 0.9394,
        0.9394, 0.9394, 0.9394, 0.9394, 0.9394, 0.9394, 0.9394, 0.9394, 0.9394,
        0.9394, 0.9394, 0.9091, 0.9091, 0.9091, 0.9091, 0.9091, 0.9091, 0.9091,
        0.8788, 0.8788, 0.8788, 0.8788, 0.8788, 0.8788, 0.8788, 0.8788, 0.8788,
        0.8788, 0.8788, 0.8788, 0.8788, 0.8788, 0.8788, 0.8788, 0.8788, 0.8788,
        0.8788, 0.8788, 0.8485, 0.8485, 0.8485, 0.8485, 0.8485, 0.8485, 0.8485,
        0.8485, 0.8182, 0.8182, 0.8182, 0.8182, 0.8182, 0.7879, 0.7879, 0.7879,
        0.7879, 0.7879, 0.7879, 0.7879, 0.7576, 0.7576, 0.7576, 0.7576, 0.7576,
        0.7576, 0.7576, 0.7576, 0.7576, 0.7576, 0.7576, 0.7576, 0.7576, 0.7576,
        0.7576, 0.7576, 0.7576, 0.7576, 0.7576, 0.7576, 0.7576, 0.7576, 0.7576,
        0.7273, 0.7273, 0.7273, 0.6970, 0.6970, 0.6667, 0.6667, 0.6667, 0.6667,
        0.6667, 0.6667, 0.6667, 0.6667, 0.6667, 0.6667, 0.6667, 0.6667, 0.6667,
        0.6667, 0.6667, 0.6667, 0.6667, 0.6667, 0.6667, 0.6667, 0.6667, 0.6667,
        0.6364, 0.6364, 0.6364, 0.6364, 0.6364, 0.6061, 0.6061, 0.6061, 0.6061,
        0.5758, 0.5455, 0.5152, 0.5152, 0.5152, 0.5152, 0.5152, 0.5152, 0.5152,
        0.4848, 0.4848, 0.4848, 0.4545, 0.4242, 0.3939, 0.3636, 0.3333, 0.3030,
        0.3030, 0.3030, 0.3030, 0.3030, 0.3030, 0.3030, 0.2727, 0.2424, 0.2424,
        0.2424, 0.2424, 0.2424, 0.2424, 0.2121, 0.2121, 0.2121, 0.2121, 0.1818,
        0.1818, 0.1515, 0.1212, 0.1212, 0.1212, 0.0909, 0.0606, 0.0606, 0.0303,
        0.0000]), tensor([1.0000, 1.0000, 1.0000, 1.0000, 1.0000, 0.9875, 0.9750, 0.9750, 0.9750,
        0.9750, 0.9750, 0.9625, 0.9625, 0.9625, 0.9500, 0.9500, 0.9500, 0.9500,
        0.9500, 0.9500, 0.9500, 0.9500, 0.9500, 0.9500, 0.9500, 0.9500, 0.9500,
        0.9375, 0.9375, 0.9250, 0.9250, 0.9250, 0.9250, 0.9250, 0.9250, 0.9250,
        0.9125, 0.9125, 0.9000, 0.9000, 0.9000, 0.9000, 0.9000, 0.8875, 0.8875,
        0.8875, 0.8875, 0.8875, 0.8750, 0.8625, 0.8625, 0.8625, 0.8625, 0.8625,
        0.8625, 0.8625, 0.8625, 0.8625, 0.8625, 0.8625, 0.8625, 0.8625, 0.8625,
        0.8500, 0.8375, 0.8250, 0.8250, 0.8250, 0.8250, 0.8250, 0.8125, 0.8125,
        0.8125, 0.8125, 0.8000, 0.7875, 0.7875, 0.7875, 0.7875, 0.7875, 0.7750,
        0.7750, 0.7750, 0.7750, 0.7625, 0.7625, 0.7625, 0.7500, 0.7500, 0.7500,
        0.7375, 0.7250, 0.7250, 0.7250, 0.7250, 0.7250, 0.7125, 0.7125, 0.7125,
        0.7125, 0.7000, 0.7000, 0.7000, 0.7000, 0.7000, 0.7000, 0.7000, 0.7000,
        0.7000, 0.6875, 0.6875, 0.6875, 0.6875, 0.6875, 0.6875, 0.6875, 0.6875,
        0.6875, 0.6750, 0.6625, 0.6625, 0.6625, 0.6625, 0.6625, 0.6500, 0.6375,
        0.6250, 0.6125, 0.6125, 0.6125, 0.6000, 0.5875, 0.5875, 0.5875, 0.5875,
        0.5875, 0.5750, 0.5750, 0.5750, 0.5750, 0.5625, 0.5500, 0.5375, 0.5375,
        0.5375, 0.5375, 0.5375, 0.5250, 0.5250, 0.5250, 0.5125, 0.5125, 0.5125,
        0.5125, 0.5000, 0.5000, 0.5000, 0.5000, 0.5000, 0.4875, 0.4750, 0.4750,
        0.4750, 0.4625, 0.4500, 0.4375, 0.4375, 0.4375, 0.4375, 0.4375, 0.4375,
        0.4250, 0.4250, 0.4125, 0.4125, 0.4000, 0.4000, 0.3875, 0.3875, 0.3750,
        0.3750, 0.3625, 0.3500, 0.3375, 0.3250, 0.3125, 0.3125, 0.3000, 0.2875,
        0.2875, 0.2875, 0.2875, 0.2750, 0.2750, 0.2625, 0.2500, 0.2375, 0.2375,
        0.2375, 0.2375, 0.2250, 0.2250, 0.2125, 0.2125, 0.2125, 0.2000, 0.1875,
        0.1875, 0.1875, 0.1875, 0.1875, 0.1750, 0.1625, 0.1625, 0.1625, 0.1500,
        0.1375, 0.1250, 0.1125, 0.1000, 0.0875, 0.0875, 0.0875, 0.0875, 0.0750,
        0.0750, 0.0625, 0.0500, 0.0375, 0.0375, 0.0250, 0.0250, 0.0125, 0.0000,
        0.0000]), tensor([1.0000, 1.0000, 1.0000, 1.0000, 1.0000, 1.0000, 1.0000, 1.0000, 1.0000,
        1.0000, 1.0000, 0.9851, 0.9851, 0.9851, 0.9851, 0.9851, 0.9851, 0.9851,
        0.9851, 0.9851, 0.9851, 0.9851, 0.9851, 0.9851, 0.9851, 0.9851, 0.9851,
        0.9851, 0.9851, 0.9851, 0.9701, 0.9701, 0.9701, 0.9701, 0.9701, 0.9701,
        0.9701, 0.9701, 0.9701, 0.9552, 0.9552, 0.9552, 0.9552, 0.9552, 0.9552,
        0.9552, 0.9552, 0.9552, 0.9552, 0.9552, 0.9552, 0.9552, 0.9552, 0.9552,
        0.9552, 0.9552, 0.9552, 0.9552, 0.9552, 0.9552, 0.9552, 0.9552, 0.9552,
        0.9552, 0.9552, 0.9552, 0.9552, 0.9552, 0.9552, 0.9552, 0.9552, 0.9552,
        0.9552, 0.9552, 0.9552, 0.9552, 0.9552, 0.9552, 0.9552, 0.9552, 0.9552,
        0.9552, 0.9552, 0.9552, 0.9552, 0.9552, 0.9552, 0.9552, 0.9552, 0.9552,
        0.9552, 0.9552, 0.9552, 0.9552, 0.9552, 0.9552, 0.9552, 0.9552, 0.9552,
        0.9403, 0.9403, 0.9403, 0.9403, 0.9403, 0.9403, 0.9403, 0.9403, 0.9254,
        0.9254, 0.9104, 0.9104, 0.9104, 0.9104, 0.9104, 0.9104, 0.9104, 0.8955,
        0.8955, 0.8955, 0.8806, 0.8806, 0.8657, 0.8657, 0.8657, 0.8507, 0.8358,
        0.8358, 0.8358, 0.8209, 0.8209, 0.8209, 0.8060, 0.8060, 0.8060, 0.8060,
        0.8060, 0.7910, 0.7761, 0.7761, 0.7612, 0.7612, 0.7612, 0.7463, 0.7463,
        0.7463, 0.7463, 0.7463, 0.7463, 0.7463, 0.7463, 0.7463, 0.7463, 0.7463,
        0.7463, 0.7463, 0.7463, 0.7313, 0.7313, 0.7313, 0.7164, 0.7015, 0.7015,
        0.7015, 0.6866, 0.6866, 0.6716, 0.6567, 0.6418, 0.6418, 0.6418, 0.6269,
        0.6119, 0.6119, 0.6119, 0.6119, 0.6119, 0.5970, 0.5970, 0.5970, 0.5821,
        0.5821, 0.5821, 0.5672, 0.5522, 0.5373, 0.5224, 0.5224, 0.5224, 0.5075,
        0.4925, 0.4776, 0.4627, 0.4478, 0.4478, 0.4478, 0.4328, 0.4179, 0.4179,
        0.4179, 0.4179, 0.4030, 0.3881, 0.3731, 0.3582, 0.3582, 0.3433, 0.3284,
        0.3284, 0.3284, 0.3134, 0.2985, 0.2836, 0.2687, 0.2537, 0.2388, 0.2388,
        0.2239, 0.2239, 0.2090, 0.1940, 0.1791, 0.1642, 0.1493, 0.1343, 0.1343,
        0.1194, 0.1045, 0.1045, 0.0896, 0.0746, 0.0597, 0.0448, 0.0299, 0.0149,
        0.0000])], [tensor([0.0329, 0.0392, 0.0428, 0.0436, 0.0618, 0.0676, 0.0689, 0.0712, 0.0716,
        0.0758, 0.0759, 0.0780, 0.0827, 0.0846, 0.0852, 0.0863, 0.0888, 0.0907,
        0.0915, 0.0921, 0.0944, 0.0980, 0.0994, 0.1008, 0.1011, 0.1031, 0.1033,
        0.1058, 0.1069, 0.1078, 0.1099, 0.1114, 0.1116, 0.1135, 0.1137, 0.1187,
        0.1241, 0.1246, 0.1263, 0.1279, 0.1286, 0.1303, 0.1318, 0.1321, 0.1325,
        0.1326, 0.1349, 0.1383, 0.1387, 0.1409, 0.1413, 0.1413, 0.1415, 0.1436,
        0.1460, 0.1465, 0.1474, 0.1480, 0.1481, 0.1523, 0.1535, 0.1559, 0.1579,
        0.1599, 0.1610, 0.1617, 0.1618, 0.1619, 0.1621, 0.1629, 0.1630, 0.1638,
        0.1672, 0.1691, 0.1696, 0.1702, 0.1707, 0.1709, 0.1731, 0.1742, 0.1762,
        0.1778, 0.1798, 0.1840, 0.1853, 0.1875, 0.1879, 0.1894, 0.1904, 0.1934,
        0.1938, 0.1939, 0.1994, 0.2036, 0.2038, 0.2047, 0.2051, 0.2089, 0.2095,
        0.2155, 0.2159, 0.2166, 0.2182, 0.2198, 0.2209, 0.2223, 0.2294, 0.2319,
        0.2323, 0.2343, 0.2429, 0.2438, 0.2444, 0.2445, 0.2514, 0.2555, 0.2591,
        0.2598, 0.2612, 0.2672, 0.2686, 0.2707, 0.2723, 0.2731, 0.2756, 0.2772,
        0.2791, 0.2810, 0.2817, 0.2820, 0.2843, 0.2845, 0.2854, 0.2855, 0.2859,
        0.2899, 0.2902, 0.2921, 0.2932, 0.2934, 0.2943, 0.2945, 0.2957, 0.2958,
        0.3001, 0.3009, 0.3020, 0.3078, 0.3112, 0.3123, 0.3127, 0.3178, 0.3181,
        0.3184, 0.3203, 0.3245, 0.3320, 0.3321, 0.3325, 0.3350, 0.3359, 0.3364,
        0.3422, 0.3501, 0.3549, 0.3553, 0.3664, 0.3678, 0.3700, 0.3707, 0.3906,
        0.3944, 0.3946, 0.3952, 0.3969, 0.3973, 0.3997, 0.4044, 0.4130, 0.4156,
        0.4212, 0.4226, 0.4270, 0.4294, 0.4452, 0.4527, 0.4529, 0.4561, 0.4617,
        0.4725, 0.4793, 0.4931, 0.4971, 0.4988, 0.5026, 0.5053, 0.5223, 0.5242,
        0.5358, 0.5358, 0.5419, 0.5441, 0.5501, 0.5631, 0.5655, 0.5659, 0.5844,
        0.5923, 0.5971, 0.6116, 0.6170, 0.6175, 0.6182, 0.6227, 0.6256, 0.6485,
        0.6522, 0.6542, 0.6595, 0.6702, 0.6750, 0.6854, 0.6951, 0.6970, 0.6999,
        0.7057, 0.7116, 0.7281, 0.7407, 0.7419, 0.7703, 0.7853, 0.7882, 0.7999]), tensor([0.2273, 0.2512, 0.2591, 0.3006, 0.3092, 0.3211, 0.3282, 0.3571, 0.3847,
        0.3933, 0.3951, 0.4080, 0.4086, 0.4152, 0.4355, 0.4375, 0.4401, 0.4464,
        0.4532, 0.4534, 0.4564, 0.4574, 0.4727, 0.4783, 0.4792, 0.4943, 0.4954,
        0.4975, 0.4989, 0.5019, 0.5079, 0.5086, 0.5088, 0.5096, 0.5132, 0.5224,
        0.5236, 0.5250, 0.5310, 0.5315, 0.5354, 0.5356, 0.5383, 0.5398, 0.5398,
        0.5425, 0.5451, 0.5490, 0.5493, 0.5506, 0.5571, 0.5641, 0.5647, 0.5710,
        0.5728, 0.5730, 0.5743, 0.5745, 0.5750, 0.5789, 0.5795, 0.5808, 0.5843,
        0.5853, 0.5861, 0.5878, 0.5879, 0.5880, 0.5916, 0.5923, 0.5925, 0.5934,
        0.6022, 0.6075, 0.6096, 0.6108, 0.6120, 0.6125, 0.6129, 0.6136, 0.6168,
        0.6175, 0.6187, 0.6209, 0.6231, 0.6258, 0.6291, 0.6335, 0.6342, 0.6347,
        0.6387, 0.6410, 0.6449, 0.6458, 0.6465, 0.6466, 0.6469, 0.6496, 0.6515,
        0.6572, 0.6605, 0.6623, 0.6628, 0.6657, 0.6658, 0.6668, 0.6677, 0.6692,
        0.6713, 0.6727, 0.6733, 0.6746, 0.6772, 0.6794, 0.6812, 0.6841, 0.6842,
        0.6857, 0.6879, 0.6889, 0.6917, 0.6929, 0.6937, 0.6962, 0.6983, 0.7025,
        0.7026, 0.7044, 0.7067, 0.7070, 0.7088, 0.7088, 0.7117, 0.7126, 0.7146,
        0.7148, 0.7155, 0.7180, 0.7185, 0.7213, 0.7241, 0.7257, 0.7339, 0.7344,
        0.7354, 0.7383, 0.7389, 0.7407, 0.7431, 0.7433, 0.7493, 0.7506, 0.7535,
        0.7575, 0.7594, 0.7607, 0.7645, 0.7660, 0.7661, 0.7683, 0.7686, 0.7711,
        0.7745, 0.7752, 0.7779, 0.7793, 0.7796, 0.7796, 0.7821, 0.7832, 0.7860,
        0.7874, 0.7874, 0.7894, 0.7900, 0.7950, 0.7968, 0.7985, 0.7988, 0.8005,
        0.8010, 0.8030, 0.8048, 0.8062, 0.8085, 0.8085, 0.8154, 0.8162, 0.8184,
        0.8251, 0.8302, 0.8321, 0.8329, 0.8332, 0.8375, 0.8434, 0.8459, 0.8473,
        0.8480, 0.8488, 0.8496, 0.8527, 0.8536, 0.8537, 0.8554, 0.8571, 0.8572,
        0.8585, 0.8600, 0.8677, 0.8685, 0.8720, 0.8740, 0.8760, 0.8767, 0.8840,
        0.8843, 0.8847, 0.8891, 0.8899, 0.8911, 0.8938, 0.8972, 0.8975, 0.8990,
        0.8991, 0.9065, 0.9153, 0.9227, 0.9240, 0.9246, 0.9276, 0.9312, 0.9384]), tensor([0.0459, 0.0615, 0.0745, 0.0873, 0.0934, 0.0964, 0.0970, 0.0974, 0.1008,
        0.1011, 0.1023, 0.1034, 0.1058, 0.1080, 0.1081, 0.1084, 0.1089, 0.1116,
        0.1171, 0.1177, 0.1182, 0.1189, 0.1190, 0.1190, 0.1208, 0.1225, 0.1228,
        0.1249, 0.1249, 0.1256, 0.1267, 0.1311, 0.1332, 0.1389, 0.1398, 0.1415,
        0.1415, 0.1451, 0.1451, 0.1465, 0.1469, 0.1501, 0.1508, 0.1508, 0.1512,
        0.1518, 0.1539, 0.1540, 0.1551, 0.1575, 0.1578, 0.1587, 0.1587, 0.1594,
        0.1628, 0.1636, 0.1639, 0.1639, 0.1655, 0.1660, 0.1665, 0.1668, 0.1680,
        0.1681, 0.1691, 0.1699, 0.1707, 0.1726, 0.1738, 0.1750, 0.1751, 0.1758,
        0.1763, 0.1764, 0.1764, 0.1771, 0.1823, 0.1844, 0.1864, 0.1873, 0.1911,
        0.1921, 0.1934, 0.1947, 0.1949, 0.1958, 0.1959, 0.2045, 0.2063, 0.2080,
        0.2087, 0.2095, 0.2104, 0.2165, 0.2173, 0.2173, 0.2189, 0.2201, 0.2220,
        0.2221, 0.2236, 0.2246, 0.2252, 0.2261, 0.2262, 0.2335, 0.2342, 0.2359,
        0.2376, 0.2386, 0.2391, 0.2405, 0.2429, 0.2431, 0.2471, 0.2473, 0.2480,
        0.2502, 0.2509, 0.2569, 0.2582, 0.2587, 0.2589, 0.2697, 0.2738, 0.2756,
        0.2756, 0.2834, 0.2850, 0.2867, 0.2900, 0.2901, 0.2911, 0.2934, 0.3006,
        0.3010, 0.3020, 0.3022, 0.3023, 0.3030, 0.3032, 0.3034, 0.3042, 0.3057,
        0.3071, 0.3078, 0.3086, 0.3087, 0.3101, 0.3114, 0.3122, 0.3176, 0.3198,
        0.3201, 0.3226, 0.3228, 0.3246, 0.3252, 0.3291, 0.3324, 0.3352, 0.3358,
        0.3375, 0.3388, 0.3421, 0.3443, 0.3454, 0.3462, 0.3469, 0.3474, 0.3485,
        0.3495, 0.3571, 0.3575, 0.3634, 0.3646, 0.3651, 0.3711, 0.3716, 0.3720,
        0.3727, 0.3770, 0.3770, 0.3833, 0.3869, 0.3931, 0.4007, 0.4016, 0.4047,
        0.4111, 0.4191, 0.4224, 0.4224, 0.4309, 0.4337, 0.4345, 0.4511, 0.4511,
        0.4651, 0.4770, 0.4915, 0.4970, 0.5003, 0.5007, 0.5079, 0.5090, 0.5140,
        0.5179, 0.5228, 0.5233, 0.5267, 0.5270, 0.5280, 0.5295, 0.5357, 0.5477,
        0.5485, 0.5524, 0.5644, 0.5841, 0.5847, 0.5873, 0.5890, 0.5915, 0.6138,
        0.6205, 0.6220, 0.6419, 0.6465, 0.6530, 0.6690, 0.6788, 0.7328, 0.7591]), tensor([0.1077, 0.1962, 0.2535, 0.2550, 0.2560, 0.2624, 0.2824, 0.2872, 0.2951,
        0.2989, 0.3205, 0.3563, 0.3661, 0.3682, 0.3867, 0.3937, 0.3963, 0.4018,
        0.4101, 0.4132, 0.4201, 0.4374, 0.4458, 0.4615, 0.4621, 0.4661, 0.4764,
        0.4769, 0.4781, 0.4815, 0.4841, 0.4863, 0.4866, 0.4921, 0.5051, 0.5054,
        0.5144, 0.5221, 0.5278, 0.5309, 0.5355, 0.5368, 0.5408, 0.5524, 0.5539,
        0.5677, 0.5704, 0.5718, 0.5721, 0.5778, 0.5858, 0.5884, 0.5884, 0.5894,
        0.5896, 0.5897, 0.5942, 0.6091, 0.6113, 0.6118, 0.6168, 0.6200, 0.6221,
        0.6222, 0.6273, 0.6301, 0.6312, 0.6321, 0.6322, 0.6406, 0.6450, 0.6453,
        0.6455, 0.6473, 0.6492, 0.6498, 0.6528, 0.6538, 0.6560, 0.6565, 0.6569,
        0.6577, 0.6582, 0.6607, 0.6609, 0.6650, 0.6673, 0.6685, 0.6690, 0.6705,
        0.6712, 0.6767, 0.6780, 0.6782, 0.6817, 0.6837, 0.6838, 0.6842, 0.6857,
        0.6864, 0.6883, 0.6912, 0.6941, 0.6961, 0.6976, 0.6985, 0.6991, 0.7002,
        0.7040, 0.7054, 0.7091, 0.7134, 0.7181, 0.7257, 0.7291, 0.7299, 0.7317,
        0.7330, 0.7341, 0.7366, 0.7389, 0.7394, 0.7410, 0.7477, 0.7494, 0.7494,
        0.7531, 0.7533, 0.7550, 0.7550, 0.7565, 0.7588, 0.7621, 0.7671, 0.7672,
        0.7673, 0.7691, 0.7693, 0.7698, 0.7699, 0.7706, 0.7717, 0.7731, 0.7734,
        0.7746, 0.7754, 0.7781, 0.7824, 0.7831, 0.7866, 0.7910, 0.7924, 0.7939,
        0.7946, 0.7958, 0.7963, 0.7969, 0.7987, 0.7995, 0.7999, 0.8012, 0.8035,
        0.8045, 0.8067, 0.8072, 0.8077, 0.8090, 0.8095, 0.8122, 0.8126, 0.8136,
        0.8204, 0.8215, 0.8215, 0.8224, 0.8247, 0.8248, 0.8279, 0.8320, 0.8320,
        0.8323, 0.8326, 0.8339, 0.8413, 0.8428, 0.8516, 0.8522, 0.8542, 0.8568,
        0.8570, 0.8579, 0.8642, 0.8682, 0.8719, 0.8741, 0.8746, 0.8752, 0.8869,
        0.8914, 0.8933, 0.8936, 0.8965, 0.8988, 0.9002, 0.9016, 0.9023, 0.9056,
        0.9080, 0.9109, 0.9117, 0.9162, 0.9162, 0.9175, 0.9177, 0.9197, 0.9201,
        0.9237, 0.9258, 0.9277, 0.9349, 0.9351, 0.9376, 0.9410, 0.9460, 0.9473,
        0.9474, 0.9477, 0.9515, 0.9521, 0.9551, 0.9584, 0.9681, 0.9699, 0.9751]), tensor([0.0629, 0.0649, 0.0706, 0.0707, 0.0710, 0.0722, 0.0754, 0.0793, 0.0835,
        0.0928, 0.0949, 0.0993, 0.1037, 0.1084, 0.1106, 0.1117, 0.1140, 0.1145,
        0.1162, 0.1165, 0.1174, 0.1184, 0.1196, 0.1204, 0.1218, 0.1278, 0.1323,
        0.1363, 0.1363, 0.1375, 0.1376, 0.1472, 0.1493, 0.1495, 0.1507, 0.1513,
        0.1523, 0.1525, 0.1544, 0.1545, 0.1551, 0.1570, 0.1589, 0.1590, 0.1593,
        0.1615, 0.1639, 0.1650, 0.1656, 0.1709, 0.1711, 0.1729, 0.1737, 0.1749,
        0.1763, 0.1766, 0.1780, 0.1797, 0.1801, 0.1832, 0.1832, 0.1855, 0.1877,
        0.1914, 0.1928, 0.1932, 0.1940, 0.1957, 0.1963, 0.2065, 0.2100, 0.2104,
        0.2114, 0.2145, 0.2146, 0.2167, 0.2191, 0.2197, 0.2216, 0.2238, 0.2284,
        0.2330, 0.2366, 0.2410, 0.2414, 0.2454, 0.2468, 0.2517, 0.2530, 0.2533,
        0.2584, 0.2606, 0.2611, 0.2620, 0.2621, 0.2642, 0.2667, 0.2698, 0.2732,
        0.2778, 0.2824, 0.2830, 0.2833, 0.2947, 0.2982, 0.2984, 0.2992, 0.3015,
        0.3037, 0.3069, 0.3092, 0.3096, 0.3114, 0.3119, 0.3145, 0.3166, 0.3200,
        0.3253, 0.3279, 0.3280, 0.3371, 0.3401, 0.3403, 0.3413, 0.3427, 0.3443,
        0.3454, 0.3532, 0.3556, 0.3629, 0.3642, 0.3725, 0.3772, 0.3773, 0.3806,
        0.3876, 0.3882, 0.3915, 0.3917, 0.4052, 0.4060, 0.4076, 0.4105, 0.4116,
        0.4149, 0.4190, 0.4211, 0.4232, 0.4259, 0.4318, 0.4342, 0.4362, 0.4376,
        0.4494, 0.4494, 0.4541, 0.4706, 0.4744, 0.4762, 0.4778, 0.4783, 0.4817,
        0.4873, 0.4883, 0.4899, 0.4934, 0.4999, 0.5029, 0.5160, 0.5239, 0.5316,
        0.5323, 0.5331, 0.5360, 0.5399, 0.5401, 0.5425, 0.5698, 0.5716, 0.5737,
        0.5792, 0.5825, 0.5922, 0.5950, 0.5977, 0.5984, 0.5988, 0.6206, 0.6281,
        0.6300, 0.6317, 0.6367, 0.6444, 0.6453, 0.6561, 0.6634, 0.6673, 0.6686,
        0.6706, 0.6710, 0.6786, 0.6823, 0.6847, 0.6948, 0.6996, 0.7023, 0.7068,
        0.7110, 0.7179, 0.7222, 0.7248, 0.7312, 0.7345, 0.7384, 0.7407, 0.7537,
        0.7600, 0.7605, 0.7647, 0.7674, 0.7701, 0.7765, 0.7855, 0.7931, 0.8243,
        0.8297, 0.8417, 0.8516, 0.8647, 0.8788, 0.9004, 0.9221, 0.9337, 0.9634])])",0.24825648963451385
